path,classification,diameter,camera resolution
add\Band neutrophil\Band neutrophil_000.jpeg,Band neutrophil,11.7,1.6M
add\Band neutrophil\Band neutrophil_001.jpeg,Band neutrophil,13.6,1.6M
add\Band neutrophil\Band neutrophil_002.jpeg,Band neutrophil,10,1.6M
add\Band neutrophil\Band neutrophil_003.jpeg,Band neutrophil,12,1.6M
add\Band neutrophil\Band neutrophil_004.jpeg,Band neutrophil,13.3,1.6M
add\Band neutrophil\Band neutrophil_005.jpeg,Band neutrophil,9.1,1.6M
add\Band neutrophil\Band neutrophil_006.jpeg,Band neutrophil,8.9,1.6M
add\Band neutrophil\Band neutrophil_007.jpeg,Band neutrophil,10.4,5M
add\Band neutrophil\Band neutrophil_008.jpeg,Band neutrophil,11.4,5M
add\Band neutrophil\Band neutrophil_009.jpeg,Band neutrophil,15.6,5M
add\Band neutrophil\Band neutrophil_010.jpeg,Band neutrophil,12.4,5M
add\Band neutrophil\Band neutrophil_011.jpeg,Band neutrophil,11.8,5M
add\Band neutrophil\Band neutrophil_012.jpeg,Band neutrophil,13,5M
add\Band neutrophil\Band neutrophil_013.jpeg,Band neutrophil,11.9,5M
add\Band neutrophil\Band neutrophil_014.jpeg,Band neutrophil,8.2,5M
add\Band neutrophil\Band neutrophil_015.jpeg,Band neutrophil,12.5,5M
add\Band neutrophil\Band neutrophil_016.jpeg,Band neutrophil,7.4,5M
add\Band neutrophil\Band neutrophil_017.jpeg,Band neutrophil,8.8,5M
add\Band neutrophil\Band neutrophil_018.jpeg,Band neutrophil,8.9,5M
add\Band neutrophil\Band neutrophil_019.jpeg,Band neutrophil,11.5,6M
add\Band neutrophil\Band neutrophil_020.jpeg,Band neutrophil,10.8,6M
add\Band neutrophil\Band neutrophil_021.jpeg,Band neutrophil,14.8,6M
add\Band neutrophil\Band neutrophil_022.jpeg,Band neutrophil,9.4,6M
add\Band neutrophil\Band neutrophil_023.jpeg,Band neutrophil,10.1,6M
add\Band neutrophil\Band neutrophil_024.jpeg,Band neutrophil,9.5,6M
add\Band neutrophil\Band neutrophil_025.jpeg,Band neutrophil,12.6,6M
add\Band neutrophil\Band neutrophil_026.jpeg,Band neutrophil,9.8,6M
add\Band neutrophil\Band neutrophil_027.jpeg,Band neutrophil,14.7,6M
add\Band neutrophil\Band neutrophil_028.jpeg,Band neutrophil,14.3,6M
add\Band neutrophil\Band neutrophil_029.jpeg,Band neutrophil,14.3,6M
add\Band neutrophil\Band neutrophil_030.jpeg,Band neutrophil,15.1,6M
add\Band neutrophil\Band neutrophil_031.jpeg,Band neutrophil,14.5,6M
add\Band neutrophil\Band neutrophil_032.jpeg,Band neutrophil,9.7,6M
add\Band neutrophil\Band neutrophil_033.jpeg,Band neutrophil,10,6M
add\Band neutrophil\Band neutrophil_034.jpeg,Band neutrophil,10.5,6M
add\Dysplastic erythroblast\Dysplastic erythroblast_000.jpeg,Dysplastic erythroblast,9.5,1.6M
add\Dysplastic erythroblast\Dysplastic erythroblast_001.jpeg,Dysplastic erythroblast,12,1.6M
add\Dysplastic erythroblast\Dysplastic erythroblast_002.jpeg,Dysplastic erythroblast,16.6,1.6M
add\Dysplastic erythroblast\Dysplastic erythroblast_003.jpeg,Dysplastic erythroblast,13.8,1.6M
add\Dysplastic erythroblast\Dysplastic erythroblast_004.jpeg,Dysplastic erythroblast,15.5,1.6M
add\Dysplastic erythroblast\Dysplastic erythroblast_005.jpeg,Dysplastic erythroblast,20.2,1.6M
add\Dysplastic erythroblast\Dysplastic erythroblast_006.jpeg,Dysplastic erythroblast,13.5,1.6M
add\Dysplastic erythroblast\Dysplastic erythroblast_007.jpeg,Dysplastic erythroblast,14.7,1.6M
add\Dysplastic erythroblast\Dysplastic erythroblast_008.jpeg,Dysplastic erythroblast,12.5,1.6M
add\Dysplastic erythroblast\Dysplastic erythroblast_009.jpeg,Dysplastic erythroblast,9.7,1.6M
add\Dysplastic erythroblast\Dysplastic erythroblast_010.jpeg,Dysplastic erythroblast,19.3,1.6M
add\Dysplastic erythroblast\Dysplastic erythroblast_011.jpeg,Dysplastic erythroblast,13.5,1.6M
add\Dysplastic erythroblast\Dysplastic erythroblast_012.jpeg,Dysplastic erythroblast,16.5,1.6M
add\Dysplastic erythroblast\Dysplastic erythroblast_013.jpeg,Dysplastic erythroblast,12,1.6M
add\Dysplastic erythroblast\Dysplastic erythroblast_014.jpeg,Dysplastic erythroblast,10.8,1.6M
add\Dysplastic erythroblast\Dysplastic erythroblast_015.jpeg,Dysplastic erythroblast,10,1.6M
add\Dysplastic erythroblast\Dysplastic erythroblast_016.jpeg,Dysplastic erythroblast,12.8,1.6M
add\Dysplastic erythroblast\Dysplastic erythroblast_017.jpeg,Dysplastic erythroblast,7.3,1.6M
add\Dysplastic erythroblast\Dysplastic erythroblast_018.jpeg,Dysplastic erythroblast,10.9,1.6M
add\Dysplastic erythroblast\Dysplastic erythroblast_019.jpeg,Dysplastic erythroblast,16.1,1.6M
add\Dysplastic erythroblast\Dysplastic erythroblast_020.jpeg,Dysplastic erythroblast,10,1.6M
add\Dysplastic erythroblast\Dysplastic erythroblast_021.jpeg,Dysplastic erythroblast,16.5,1.6M
add\Dysplastic erythroblast\Dysplastic erythroblast_022.jpeg,Dysplastic erythroblast,11.6,1.6M
add\Dysplastic erythroblast\Dysplastic erythroblast_023.jpeg,Dysplastic erythroblast,8,1.6M
add\Dysplastic erythroblast\Dysplastic erythroblast_024.jpeg,Dysplastic erythroblast,20.1,1.6M
add\Dysplastic erythroblast\Dysplastic erythroblast_025.jpeg,Dysplastic erythroblast,8.9,1.6M
add\Dysplastic erythroblast\Dysplastic erythroblast_026.jpeg,Dysplastic erythroblast,13.8,5M
add\Dysplastic erythroblast\Dysplastic erythroblast_027.jpeg,Dysplastic erythroblast,28.7,5M
add\Dysplastic erythroblast\Dysplastic erythroblast_028.jpeg,Dysplastic erythroblast,15.6,5M
add\Dysplastic erythroblast\Dysplastic erythroblast_029.jpeg,Dysplastic erythroblast,8.1,5M
add\Dysplastic erythroblast\Dysplastic erythroblast_030.jpeg,Dysplastic erythroblast,7.4,5M
add\Dysplastic erythroblast\Dysplastic erythroblast_031.jpeg,Dysplastic erythroblast,17.7,5M
add\Dysplastic erythroblast\Dysplastic erythroblast_032.jpeg,Dysplastic erythroblast,8.6,5M
add\Dysplastic erythroblast\Dysplastic erythroblast_033.jpeg,Dysplastic erythroblast,8.7,5M
add\Dysplastic erythroblast\Dysplastic erythroblast_034.jpeg,Dysplastic erythroblast,11,5M
add\Dysplastic erythroblast\Dysplastic erythroblast_035.jpeg,Dysplastic erythroblast,8.8,5M
add\Dysplastic erythroblast\Dysplastic erythroblast_036.jpeg,Dysplastic erythroblast,20.7,5M
add\Dysplastic erythroblast\Dysplastic erythroblast_037.jpeg,Dysplastic erythroblast,11.1,5M
add\Dysplastic erythroblast\Dysplastic erythroblast_038.jpeg,Dysplastic erythroblast,9.3,5M
add\Dysplastic erythroblast\Dysplastic erythroblast_039.jpeg,Dysplastic erythroblast,18.5,5M
add\Dysplastic erythroblast\Dysplastic erythroblast_040.jpeg,Dysplastic erythroblast,12,5M
add\Dysplastic erythroblast\Dysplastic erythroblast_041.jpeg,Dysplastic erythroblast,20.4,5M
add\Dysplastic erythroblast\Dysplastic erythroblast_042.jpeg,Dysplastic erythroblast,12.2,5M
add\Dysplastic erythroblast\Dysplastic erythroblast_043.jpeg,Dysplastic erythroblast,13.4,5M
add\Dysplastic erythroblast\Dysplastic erythroblast_044.jpeg,Dysplastic erythroblast,8.8,5M
add\Dysplastic erythroblast\Dysplastic erythroblast_045.jpeg,Dysplastic erythroblast,17.1,5M
add\Dysplastic erythroblast\Dysplastic erythroblast_046.jpeg,Dysplastic erythroblast,13.6,5M
add\Dysplastic erythroblast\Dysplastic erythroblast_047.jpeg,Dysplastic erythroblast,12.9,5M
add\Dysplastic erythroblast\Dysplastic erythroblast_048.jpeg,Dysplastic erythroblast,8.2,5M
add\Dysplastic erythroblast\Dysplastic erythroblast_049.jpeg,Dysplastic erythroblast,15.2,5M
add\Dysplastic erythroblast\Dysplastic erythroblast_050.jpeg,Dysplastic erythroblast,10.1,5M
add\Dysplastic erythroblast\Dysplastic erythroblast_051.jpeg,Dysplastic erythroblast,9.9,5M
add\Dysplastic erythroblast\Dysplastic erythroblast_052.jpeg,Dysplastic erythroblast,8.6,5M
add\Dysplastic erythroblast\Dysplastic erythroblast_053.jpeg,Dysplastic erythroblast,13.2,5M
add\Dysplastic erythroblast\Dysplastic erythroblast_054.jpeg,Dysplastic erythroblast,7.3,5M
add\Dysplastic erythroblast\Dysplastic erythroblast_055.jpeg,Dysplastic erythroblast,7.6,5M
add\Dysplastic erythroblast\Dysplastic erythroblast_056.jpeg,Dysplastic erythroblast,10.4,5M
add\Dysplastic erythroblast\Dysplastic erythroblast_057.jpeg,Dysplastic erythroblast,11.2,5M
add\Dysplastic erythroblast\Dysplastic erythroblast_058.jpeg,Dysplastic erythroblast,12.2,5M
add\Dysplastic erythroblast\Dysplastic erythroblast_059.jpeg,Dysplastic erythroblast,18.8,5M
add\Dysplastic erythroblast\Dysplastic erythroblast_060.jpeg,Dysplastic erythroblast,9.9,5M
add\Dysplastic erythroblast\Dysplastic erythroblast_061.jpeg,Dysplastic erythroblast,12.1,5M
add\Dysplastic erythroblast\Dysplastic erythroblast_062.jpeg,Dysplastic erythroblast,14.1,5M
add\Dysplastic erythroblast\Dysplastic erythroblast_063.jpeg,Dysplastic erythroblast,13.5,5M
add\Dysplastic erythroblast\Dysplastic erythroblast_064.jpeg,Dysplastic erythroblast,11.9,5M
add\Dysplastic erythroblast\Dysplastic erythroblast_065.jpeg,Dysplastic erythroblast,19.5,5M
add\Dysplastic erythroblast\Dysplastic erythroblast_066.jpeg,Dysplastic erythroblast,15.9,5M
add\Dysplastic erythroblast\Dysplastic erythroblast_067.jpeg,Dysplastic erythroblast,15.6,5M
add\Dysplastic erythroblast\Dysplastic erythroblast_068.jpeg,Dysplastic erythroblast,21.4,5M
add\Dysplastic erythroblast\Dysplastic erythroblast_069.jpeg,Dysplastic erythroblast,7.3,5M
add\Dysplastic erythroblast\Dysplastic erythroblast_070.jpeg,Dysplastic erythroblast,23.1,5M
add\Dysplastic erythroblast\Dysplastic erythroblast_071.jpeg,Dysplastic erythroblast,12.9,5M
add\Dysplastic erythroblast\Dysplastic erythroblast_072.jpeg,Dysplastic erythroblast,10.5,5M
add\Dysplastic erythroblast\Dysplastic erythroblast_073.jpeg,Dysplastic erythroblast,7.8,6M
add\Dysplastic erythroblast\Dysplastic erythroblast_074.jpeg,Dysplastic erythroblast,9.1,6M
add\Dysplastic erythroblast\Dysplastic erythroblast_075.jpeg,Dysplastic erythroblast,19.7,6M
add\Dysplastic erythroblast\Dysplastic erythroblast_076.jpeg,Dysplastic erythroblast,19.3,6M
add\Dysplastic erythroblast\Dysplastic erythroblast_077.jpeg,Dysplastic erythroblast,8.5,6M
add\Dysplastic erythroblast\Dysplastic erythroblast_078.jpeg,Dysplastic erythroblast,9.5,6M
add\Dysplastic erythroblast\Dysplastic erythroblast_079.jpeg,Dysplastic erythroblast,18.9,6M
add\Dysplastic erythroblast\Dysplastic erythroblast_080.jpeg,Dysplastic erythroblast,13,6M
add\Dysplastic erythroblast\Dysplastic erythroblast_081.jpeg,Dysplastic erythroblast,11.9,6M
add\Dysplastic erythroblast\Dysplastic erythroblast_082.jpeg,Dysplastic erythroblast,22.9,6M
add\Dysplastic erythroblast\Dysplastic erythroblast_083.jpeg,Dysplastic erythroblast,15,6M
add\Dysplastic erythroblast\Dysplastic erythroblast_084.jpeg,Dysplastic erythroblast,8.8,6M
add\Dysplastic erythroblast\Dysplastic erythroblast_085.jpeg,Dysplastic erythroblast,8.6,6M
add\Dysplastic erythroblast\Dysplastic erythroblast_086.jpeg,Dysplastic erythroblast,19.4,6M
add\Dysplastic erythroblast\Dysplastic erythroblast_087.jpeg,Dysplastic erythroblast,13.7,6M
add\Dysplastic erythroblast\Dysplastic erythroblast_088.jpeg,Dysplastic erythroblast,12.2,6M
add\Dysplastic erythroblast\Dysplastic erythroblast_089.jpeg,Dysplastic erythroblast,20.3,6M
add\Dysplastic erythroblast\Dysplastic erythroblast_090.jpeg,Dysplastic erythroblast,7.5,6M
add\Dysplastic erythroblast\Dysplastic erythroblast_091.jpeg,Dysplastic erythroblast,6.7,6M
add\Dysplastic erythroblast\Dysplastic erythroblast_092.jpeg,Dysplastic erythroblast,8.4,6M
add\Dysplastic erythroblast\Dysplastic erythroblast_093.jpeg,Dysplastic erythroblast,9.5,6M
add\Dysplastic erythroblast\Dysplastic erythroblast_094.jpeg,Dysplastic erythroblast,14.4,6M
add\Dysplastic erythroblast\Dysplastic erythroblast_095.jpeg,Dysplastic erythroblast,19.3,6M
add\Dysplastic erythroblast\Dysplastic erythroblast_096.jpeg,Dysplastic erythroblast,13.7,6M
add\Dysplastic erythroblast\Dysplastic erythroblast_097.jpeg,Dysplastic erythroblast,8.3,6M
add\Dysplastic erythroblast\Dysplastic erythroblast_098.jpeg,Dysplastic erythroblast,6,6M
add\Dysplastic erythroblast\Dysplastic erythroblast_099.jpeg,Dysplastic erythroblast,9,6M
add\Dysplastic erythroblast\Dysplastic erythroblast_100.jpeg,Dysplastic erythroblast,8,6M
add\Dysplastic erythroblast\Dysplastic erythroblast_101.jpeg,Dysplastic erythroblast,26.8,6M
add\Dysplastic erythroblast\Dysplastic erythroblast_102.jpeg,Dysplastic erythroblast,15.7,6M
add\Dysplastic erythroblast\Dysplastic erythroblast_103.jpeg,Dysplastic erythroblast,10.2,6M
add\Dysplastic erythroblast\Dysplastic erythroblast_104.jpeg,Dysplastic erythroblast,7.8,6M
add\Dysplastic erythroblast\Dysplastic erythroblast_105.jpeg,Dysplastic erythroblast,10.5,6M
add\Dysplastic erythroblast\Dysplastic erythroblast_106.jpeg,Dysplastic erythroblast,12.6,6M
add\Dysplastic erythroblast\Dysplastic erythroblast_107.jpeg,Dysplastic erythroblast,12.3,6M
add\Dysplastic erythroblast\Dysplastic erythroblast_108.jpeg,Dysplastic erythroblast,11.2,6M
add\Dysplastic erythroblast\Dysplastic erythroblast_109.jpeg,Dysplastic erythroblast,8.9,6M
add\Dysplastic granulocyte\Dysplastic granulocyte_000.jpeg,Dysplastic granulocyte,16.3,1.6M
add\Dysplastic granulocyte\Dysplastic granulocyte_001.jpeg,Dysplastic granulocyte,13.5,1.6M
add\Dysplastic granulocyte\Dysplastic granulocyte_002.jpeg,Dysplastic granulocyte,15.4,1.6M
add\Dysplastic granulocyte\Dysplastic granulocyte_003.jpeg,Dysplastic granulocyte,16.1,1.6M
add\Dysplastic granulocyte\Dysplastic granulocyte_004.jpeg,Dysplastic granulocyte,14.3,1.6M
add\Dysplastic granulocyte\Dysplastic granulocyte_005.jpeg,Dysplastic granulocyte,9.8,1.6M
add\Dysplastic granulocyte\Dysplastic granulocyte_006.jpeg,Dysplastic granulocyte,12.8,1.6M
add\Dysplastic granulocyte\Dysplastic granulocyte_007.jpeg,Dysplastic granulocyte,14.4,1.6M
add\Dysplastic granulocyte\Dysplastic granulocyte_008.jpeg,Dysplastic granulocyte,9.5,1.6M
add\Dysplastic granulocyte\Dysplastic granulocyte_009.jpeg,Dysplastic granulocyte,16.3,1.6M
add\Dysplastic granulocyte\Dysplastic granulocyte_010.jpeg,Dysplastic granulocyte,13.9,1.6M
add\Dysplastic granulocyte\Dysplastic granulocyte_011.jpeg,Dysplastic granulocyte,12.6,5M
add\Dysplastic granulocyte\Dysplastic granulocyte_012.jpeg,Dysplastic granulocyte,8.8,5M
add\Dysplastic granulocyte\Dysplastic granulocyte_013.jpeg,Dysplastic granulocyte,11.3,5M
add\Dysplastic granulocyte\Dysplastic granulocyte_014.jpeg,Dysplastic granulocyte,12.7,6M
add\Dysplastic granulocyte\Dysplastic granulocyte_015.jpeg,Dysplastic granulocyte,20.4,6M
add\Dysplastic granulocyte\Dysplastic granulocyte_016.jpeg,Dysplastic granulocyte,13.4,6M
add\Dysplastic granulocyte\Dysplastic granulocyte_017.jpeg,Dysplastic granulocyte,10.5,6M
add\Dysplastic granulocyte\Dysplastic granulocyte_018.jpeg,Dysplastic granulocyte,16.5,6M
add\Dysplastic granulocyte\Dysplastic granulocyte_019.jpeg,Dysplastic granulocyte,12.1,6M
add\Dysplastic granulocyte\Dysplastic granulocyte_020.jpeg,Dysplastic granulocyte,10.9,6M
add\Dysplastic granulocyte\Dysplastic granulocyte_021.jpeg,Dysplastic granulocyte,15.4,6M
add\Early erythroblast\Early erythroblast_000.jpeg,Early erythroblast,11.4,1.6M
add\Early erythroblast\Early erythroblast_001.jpeg,Early erythroblast,11.7,1.6M
add\Early erythroblast\Early erythroblast_002.jpeg,Early erythroblast,12.4,1.6M
add\Early erythroblast\Early erythroblast_003.jpeg,Early erythroblast,12.4,1.6M
add\Early erythroblast\Early erythroblast_004.jpeg,Early erythroblast,14.6,1.6M
add\Early erythroblast\Early erythroblast_005.jpeg,Early erythroblast,19.1,5M
add\Early erythroblast\Early erythroblast_006.jpeg,Early erythroblast,21.6,5M
add\Early erythroblast\Early erythroblast_007.jpeg,Early erythroblast,18.8,5M
add\Early erythroblast\Early erythroblast_008.jpeg,Early erythroblast,16.8,5M
add\Early erythroblast\Early erythroblast_009.jpeg,Early erythroblast,17.4,5M
add\Early erythroblast\Early erythroblast_010.jpeg,Early erythroblast,11.6,5M
add\Early erythroblast\Early erythroblast_011.jpeg,Early erythroblast,14.7,5M
add\Early erythroblast\Early erythroblast_012.jpeg,Early erythroblast,10.8,5M
add\Early erythroblast\Early erythroblast_013.jpeg,Early erythroblast,9.4,6M
add\Early erythroblast\Early erythroblast_014.jpeg,Early erythroblast,13.8,6M
add\Early erythroblast\Early erythroblast_015.jpeg,Early erythroblast,13.3,6M
add\Early erythroblast\Early erythroblast_016.jpeg,Early erythroblast,15.1,6M
add\Early erythroblast\Early erythroblast_017.jpeg,Early erythroblast,12.7,6M
add\Early erythroblast\Early erythroblast_018.jpeg,Early erythroblast,9.6,6M
add\Early erythroblast\Early erythroblast_019.jpeg,Early erythroblast,17.1,6M
add\Early erythroblast\Early erythroblast_020.jpeg,Early erythroblast,15.6,6M
add\Early erythroblast\Early erythroblast_021.jpeg,Early erythroblast,11.4,6M
add\Early erythroblast\Early erythroblast_022.jpeg,Early erythroblast,16.1,6M
add\Early erythroblast\Early erythroblast_023.jpeg,Early erythroblast,19.3,6M
add\Early erythroblast\Early erythroblast_024.jpeg,Early erythroblast,17.6,6M
add\Early erythroblast\Early erythroblast_025.jpeg,Early erythroblast,13.7,6M
add\Early erythroblast\Early erythroblast_026.jpeg,Early erythroblast,21.7,6M
add\Early erythroblast\Early erythroblast_027.jpeg,Early erythroblast,8.8,6M
add\Early erythroblast\Early erythroblast_028.jpeg,Early erythroblast,11.9,6M
add\Early erythroblast\Early erythroblast_029.jpeg,Early erythroblast,14,6M
add\Early erythroblast\Early erythroblast_030.jpeg,Early erythroblast,15.1,6M
add\Early erythroblast\Early erythroblast_031.jpeg,Early erythroblast,13.3,6M
add\Early erythroblast\Early erythroblast_032.jpeg,Early erythroblast,10.9,6M
add\Early erythroblast\Early erythroblast_033.jpeg,Early erythroblast,11.8,6M
add\Early erythroblast\Early erythroblast_034.jpeg,Early erythroblast,12.8,6M
add\Early erythroblast\Early erythroblast_035.jpeg,Early erythroblast,10.3,6M
add\Early erythroblast\Early erythroblast_036.jpeg,Early erythroblast,14.7,6M
add\Early erythroblast\Early erythroblast_037.jpeg,Early erythroblast,12.7,6M
add\Early erythroblast\Early erythroblast_038.jpeg,Early erythroblast,12.7,6M
add\Early erythroblast\Early erythroblast_039.jpeg,Early erythroblast,15.1,6M
add\Early erythroblast\Early erythroblast_040.jpeg,Early erythroblast,10.9,6M
add\Early erythroblast\Early erythroblast_041.jpeg,Early erythroblast,16.5,6M
add\Early erythroblast\Early erythroblast_042.jpeg,Early erythroblast,12.4,6M
add\Early erythroblast\Early erythroblast_043.jpeg,Early erythroblast,13.3,6M
add\Early erythroblast\Early erythroblast_044.jpeg,Early erythroblast,16.1,6M
add\Early erythroblast\Early erythroblast_045.jpeg,Early erythroblast,19.5,6M
add\Eosinophilic metamyelocyte\Eosinophilic metamyelocyte_000.jpeg,Eosinophilic metamyelocyte,12,1.6M
add\Eosinophilic metamyelocyte\Eosinophilic metamyelocyte_001.jpeg,Eosinophilic metamyelocyte,13.9,1.6M
add\Eosinophilic metamyelocyte\Eosinophilic metamyelocyte_002.jpeg,Eosinophilic metamyelocyte,17,5M
add\Eosinophilic metamyelocyte\Eosinophilic metamyelocyte_003.jpeg,Eosinophilic metamyelocyte,15.8,5M
add\Eosinophilic metamyelocyte\Eosinophilic metamyelocyte_004.jpeg,Eosinophilic metamyelocyte,16.7,6M
add\Eosinophilic metamyelocyte\Eosinophilic metamyelocyte_005.jpeg,Eosinophilic metamyelocyte,13.2,6M
add\Eosinophilic metamyelocyte\Eosinophilic metamyelocyte_006.jpeg,Eosinophilic metamyelocyte,12.5,6M
add\Eosinophilic metamyelocyte\Eosinophilic metamyelocyte_007.jpeg,Eosinophilic metamyelocyte,12.1,6M
add\Intermediate erythroblast\Intermediate erythroblast_000.jpeg,Intermediate erythroblast,8.3,1.6M
add\Intermediate erythroblast\Intermediate erythroblast_001.jpeg,Intermediate erythroblast,7.8,1.6M
add\Intermediate erythroblast\Intermediate erythroblast_002.jpeg,Intermediate erythroblast,7,1.6M
add\Intermediate erythroblast\Intermediate erythroblast_003.jpeg,Intermediate erythroblast,9.5,1.6M
add\Intermediate erythroblast\Intermediate erythroblast_004.jpeg,Intermediate erythroblast,7.6,1.6M
add\Intermediate erythroblast\Intermediate erythroblast_005.jpeg,Intermediate erythroblast,10.6,1.6M
add\Intermediate erythroblast\Intermediate erythroblast_006.jpeg,Intermediate erythroblast,9.2,1.6M
add\Intermediate erythroblast\Intermediate erythroblast_007.jpeg,Intermediate erythroblast,10.8,1.6M
add\Intermediate erythroblast\Intermediate erythroblast_008.jpeg,Intermediate erythroblast,7.6,1.6M
add\Intermediate erythroblast\Intermediate erythroblast_009.jpeg,Intermediate erythroblast,7.3,1.6M
add\Intermediate erythroblast\Intermediate erythroblast_010.jpeg,Intermediate erythroblast,9.8,1.6M
add\Intermediate erythroblast\Intermediate erythroblast_011.jpeg,Intermediate erythroblast,7.3,1.6M
add\Intermediate erythroblast\Intermediate erythroblast_012.jpeg,Intermediate erythroblast,8.1,1.6M
add\Intermediate erythroblast\Intermediate erythroblast_013.jpeg,Intermediate erythroblast,9.7,1.6M
add\Intermediate erythroblast\Intermediate erythroblast_014.jpeg,Intermediate erythroblast,8.6,1.6M
add\Intermediate erythroblast\Intermediate erythroblast_015.jpeg,Intermediate erythroblast,9.1,1.6M
add\Intermediate erythroblast\Intermediate erythroblast_016.jpeg,Intermediate erythroblast,13,1.6M
add\Intermediate erythroblast\Intermediate erythroblast_017.jpeg,Intermediate erythroblast,9.2,1.6M
add\Intermediate erythroblast\Intermediate erythroblast_018.jpeg,Intermediate erythroblast,11.9,1.6M
add\Intermediate erythroblast\Intermediate erythroblast_019.jpeg,Intermediate erythroblast,10,1.6M
add\Intermediate erythroblast\Intermediate erythroblast_020.jpeg,Intermediate erythroblast,10.9,1.6M
add\Intermediate erythroblast\Intermediate erythroblast_021.jpeg,Intermediate erythroblast,7.3,1.6M
add\Intermediate erythroblast\Intermediate erythroblast_022.jpeg,Intermediate erythroblast,9.2,1.6M
add\Intermediate erythroblast\Intermediate erythroblast_023.jpeg,Intermediate erythroblast,13,1.6M
add\Intermediate erythroblast\Intermediate erythroblast_024.jpeg,Intermediate erythroblast,13,1.6M
add\Intermediate erythroblast\Intermediate erythroblast_025.jpeg,Intermediate erythroblast,9.1,1.6M
add\Intermediate erythroblast\Intermediate erythroblast_026.jpeg,Intermediate erythroblast,11.6,1.6M
add\Intermediate erythroblast\Intermediate erythroblast_027.jpeg,Intermediate erythroblast,12.8,1.6M
add\Intermediate erythroblast\Intermediate erythroblast_028.jpeg,Intermediate erythroblast,11.1,1.6M
add\Intermediate erythroblast\Intermediate erythroblast_029.jpeg,Intermediate erythroblast,15.2,1.6M
add\Intermediate erythroblast\Intermediate erythroblast_030.jpeg,Intermediate erythroblast,12.7,1.6M
add\Intermediate erythroblast\Intermediate erythroblast_031.jpeg,Intermediate erythroblast,10.6,1.6M
add\Intermediate erythroblast\Intermediate erythroblast_032.jpeg,Intermediate erythroblast,10.8,1.6M
add\Intermediate erythroblast\Intermediate erythroblast_033.jpeg,Intermediate erythroblast,7.8,1.6M
add\Intermediate erythroblast\Intermediate erythroblast_034.jpeg,Intermediate erythroblast,9.8,1.6M
add\Intermediate erythroblast\Intermediate erythroblast_035.jpeg,Intermediate erythroblast,10.6,1.6M
add\Intermediate erythroblast\Intermediate erythroblast_036.jpeg,Intermediate erythroblast,12.4,1.6M
add\Intermediate erythroblast\Intermediate erythroblast_037.jpeg,Intermediate erythroblast,11.7,1.6M
add\Intermediate erythroblast\Intermediate erythroblast_038.jpeg,Intermediate erythroblast,11.9,1.6M
add\Intermediate erythroblast\Intermediate erythroblast_039.jpeg,Intermediate erythroblast,9.2,1.6M
add\Intermediate erythroblast\Intermediate erythroblast_040.jpeg,Intermediate erythroblast,11.4,1.6M
add\Intermediate erythroblast\Intermediate erythroblast_041.jpeg,Intermediate erythroblast,9.5,1.6M
add\Intermediate erythroblast\Intermediate erythroblast_042.jpeg,Intermediate erythroblast,10,1.6M
add\Intermediate erythroblast\Intermediate erythroblast_043.jpeg,Intermediate erythroblast,9.7,1.6M
add\Intermediate erythroblast\Intermediate erythroblast_044.jpeg,Intermediate erythroblast,9.5,1.6M
add\Intermediate erythroblast\Intermediate erythroblast_045.jpeg,Intermediate erythroblast,9.7,1.6M
add\Intermediate erythroblast\Intermediate erythroblast_046.jpeg,Intermediate erythroblast,13.8,1.6M
add\Intermediate erythroblast\Intermediate erythroblast_047.jpeg,Intermediate erythroblast,10.6,1.6M
add\Intermediate erythroblast\Intermediate erythroblast_048.jpeg,Intermediate erythroblast,9.5,1.6M
add\Intermediate erythroblast\Intermediate erythroblast_049.jpeg,Intermediate erythroblast,10,1.6M
add\Intermediate erythroblast\Intermediate erythroblast_050.jpeg,Intermediate erythroblast,13.3,1.6M
add\Intermediate erythroblast\Intermediate erythroblast_051.jpeg,Intermediate erythroblast,11.1,1.6M
add\Intermediate erythroblast\Intermediate erythroblast_052.jpeg,Intermediate erythroblast,9.4,5M
add\Intermediate erythroblast\Intermediate erythroblast_053.jpeg,Intermediate erythroblast,8.8,5M
add\Intermediate erythroblast\Intermediate erythroblast_054.jpeg,Intermediate erythroblast,13.1,5M
add\Intermediate erythroblast\Intermediate erythroblast_055.jpeg,Intermediate erythroblast,9.9,5M
add\Intermediate erythroblast\Intermediate erythroblast_056.jpeg,Intermediate erythroblast,9.2,5M
add\Intermediate erythroblast\Intermediate erythroblast_057.jpeg,Intermediate erythroblast,10,5M
add\Intermediate erythroblast\Intermediate erythroblast_058.jpeg,Intermediate erythroblast,9.3,5M
add\Intermediate erythroblast\Intermediate erythroblast_059.jpeg,Intermediate erythroblast,11,5M
add\Intermediate erythroblast\Intermediate erythroblast_060.jpeg,Intermediate erythroblast,12,5M
add\Intermediate erythroblast\Intermediate erythroblast_061.jpeg,Intermediate erythroblast,10.8,5M
add\Intermediate erythroblast\Intermediate erythroblast_062.jpeg,Intermediate erythroblast,12.2,5M
add\Intermediate erythroblast\Intermediate erythroblast_063.jpeg,Intermediate erythroblast,13.8,5M
add\Intermediate erythroblast\Intermediate erythroblast_064.jpeg,Intermediate erythroblast,11.6,5M
add\Intermediate erythroblast\Intermediate erythroblast_065.jpeg,Intermediate erythroblast,16.8,5M
add\Intermediate erythroblast\Intermediate erythroblast_066.jpeg,Intermediate erythroblast,11.8,5M
add\Intermediate erythroblast\Intermediate erythroblast_067.jpeg,Intermediate erythroblast,9.2,5M
add\Intermediate erythroblast\Intermediate erythroblast_068.jpeg,Intermediate erythroblast,9.9,5M
add\Intermediate erythroblast\Intermediate erythroblast_069.jpeg,Intermediate erythroblast,13.7,5M
add\Intermediate erythroblast\Intermediate erythroblast_070.jpeg,Intermediate erythroblast,9.8,5M
add\Intermediate erythroblast\Intermediate erythroblast_071.jpeg,Intermediate erythroblast,12.8,5M
add\Intermediate erythroblast\Intermediate erythroblast_072.jpeg,Intermediate erythroblast,14.7,5M
add\Intermediate erythroblast\Intermediate erythroblast_073.jpeg,Intermediate erythroblast,14.3,5M
add\Intermediate erythroblast\Intermediate erythroblast_074.jpeg,Intermediate erythroblast,14.4,5M
add\Intermediate erythroblast\Intermediate erythroblast_075.jpeg,Intermediate erythroblast,9.1,5M
add\Intermediate erythroblast\Intermediate erythroblast_076.jpeg,Intermediate erythroblast,9.9,5M
add\Intermediate erythroblast\Intermediate erythroblast_077.jpeg,Intermediate erythroblast,12.5,5M
add\Intermediate erythroblast\Intermediate erythroblast_078.jpeg,Intermediate erythroblast,7.9,5M
add\Intermediate erythroblast\Intermediate erythroblast_079.jpeg,Intermediate erythroblast,12.6,5M
add\Intermediate erythroblast\Intermediate erythroblast_080.jpeg,Intermediate erythroblast,11.6,5M
add\Intermediate erythroblast\Intermediate erythroblast_081.jpeg,Intermediate erythroblast,10.2,6M
add\Intermediate erythroblast\Intermediate erythroblast_082.jpeg,Intermediate erythroblast,9,6M
add\Intermediate erythroblast\Intermediate erythroblast_083.jpeg,Intermediate erythroblast,13.7,6M
add\Intermediate erythroblast\Intermediate erythroblast_084.jpeg,Intermediate erythroblast,12,6M
add\Intermediate erythroblast\Intermediate erythroblast_085.jpeg,Intermediate erythroblast,13.1,6M
add\Intermediate erythroblast\Intermediate erythroblast_086.jpeg,Intermediate erythroblast,8.5,6M
add\Intermediate erythroblast\Intermediate erythroblast_087.jpeg,Intermediate erythroblast,9.1,6M
add\Intermediate erythroblast\Intermediate erythroblast_088.jpeg,Intermediate erythroblast,9.6,6M
add\Intermediate erythroblast\Intermediate erythroblast_089.jpeg,Intermediate erythroblast,9.7,6M
add\Intermediate erythroblast\Intermediate erythroblast_090.jpeg,Intermediate erythroblast,11.1,6M
add\Intermediate erythroblast\Intermediate erythroblast_091.jpeg,Intermediate erythroblast,10.9,6M
add\Intermediate erythroblast\Intermediate erythroblast_092.jpeg,Intermediate erythroblast,11.4,6M
add\Intermediate erythroblast\Intermediate erythroblast_093.jpeg,Intermediate erythroblast,15.4,6M
add\Intermediate erythroblast\Intermediate erythroblast_094.jpeg,Intermediate erythroblast,8.9,6M
add\Intermediate erythroblast\Intermediate erythroblast_095.jpeg,Intermediate erythroblast,14.5,6M
add\Intermediate erythroblast\Intermediate erythroblast_096.jpeg,Intermediate erythroblast,16.5,6M
add\Intermediate erythroblast\Intermediate erythroblast_097.jpeg,Intermediate erythroblast,15.4,6M
add\Intermediate erythroblast\Intermediate erythroblast_098.jpeg,Intermediate erythroblast,13.7,6M
add\Intermediate erythroblast\Intermediate erythroblast_099.jpeg,Intermediate erythroblast,14,6M
add\Intermediate erythroblast\Intermediate erythroblast_100.jpeg,Intermediate erythroblast,10.2,6M
add\Intermediate erythroblast\Intermediate erythroblast_101.jpeg,Intermediate erythroblast,9.5,6M
add\Intermediate erythroblast\Intermediate erythroblast_102.jpeg,Intermediate erythroblast,12.3,6M
add\Intermediate erythroblast\Intermediate erythroblast_103.jpeg,Intermediate erythroblast,12.8,6M
add\Intermediate erythroblast\Intermediate erythroblast_104.jpeg,Intermediate erythroblast,13.6,6M
add\Intermediate erythroblast\Intermediate erythroblast_105.jpeg,Intermediate erythroblast,10.6,6M
add\Intermediate erythroblast\Intermediate erythroblast_106.jpeg,Intermediate erythroblast,13,6M
add\Intermediate erythroblast\Intermediate erythroblast_107.jpeg,Intermediate erythroblast,13.1,6M
add\Intermediate erythroblast\Intermediate erythroblast_108.jpeg,Intermediate erythroblast,10.1,6M
add\Intermediate erythroblast\Intermediate erythroblast_109.jpeg,Intermediate erythroblast,7.8,6M
add\Intermediate erythroblast\Intermediate erythroblast_110.jpeg,Intermediate erythroblast,9.6,6M
add\Intermediate erythroblast\Intermediate erythroblast_111.jpeg,Intermediate erythroblast,10.4,6M
add\Intermediate erythroblast\Intermediate erythroblast_112.jpeg,Intermediate erythroblast,8.5,6M
add\Intermediate erythroblast\Intermediate erythroblast_113.jpeg,Intermediate erythroblast,9.2,6M
add\Intermediate erythroblast\Intermediate erythroblast_114.jpeg,Intermediate erythroblast,7.5,6M
add\Intermediate erythroblast\Intermediate erythroblast_115.jpeg,Intermediate erythroblast,13,6M
add\Intermediate erythroblast\Intermediate erythroblast_116.jpeg,Intermediate erythroblast,9.5,6M
add\Intermediate erythroblast\Intermediate erythroblast_117.jpeg,Intermediate erythroblast,12.5,6M
add\Intermediate erythroblast\Intermediate erythroblast_118.jpeg,Intermediate erythroblast,13.1,6M
add\Intermediate erythroblast\Intermediate erythroblast_119.jpeg,Intermediate erythroblast,13.3,6M
add\Intermediate erythroblast\Intermediate erythroblast_120.jpeg,Intermediate erythroblast,10.6,6M
add\Intermediate erythroblast\Intermediate erythroblast_121.jpeg,Intermediate erythroblast,12,6M
add\Intermediate erythroblast\Intermediate erythroblast_122.jpeg,Intermediate erythroblast,12.4,6M
add\Intermediate erythroblast\Intermediate erythroblast_123.jpeg,Intermediate erythroblast,10.4,6M
add\Intermediate erythroblast\Intermediate erythroblast_124.jpeg,Intermediate erythroblast,12.6,6M
add\Intermediate erythroblast\Intermediate erythroblast_125.jpeg,Intermediate erythroblast,12.8,6M
add\Intermediate erythroblast\Intermediate erythroblast_126.jpeg,Intermediate erythroblast,10.5,6M
add\Intermediate erythroblast\Intermediate erythroblast_127.jpeg,Intermediate erythroblast,12.8,6M
add\Intermediate erythroblast\Intermediate erythroblast_128.jpeg,Intermediate erythroblast,10.6,6M
add\Intermediate erythroblast\Intermediate erythroblast_129.jpeg,Intermediate erythroblast,10.2,6M
add\Intermediate erythroblast\Intermediate erythroblast_130.jpeg,Intermediate erythroblast,9.9,6M
add\Intermediate erythroblast\Intermediate erythroblast_131.jpeg,Intermediate erythroblast,12.5,6M
add\Intermediate erythroblast\Intermediate erythroblast_132.jpeg,Intermediate erythroblast,10.1,6M
add\Intermediate erythroblast\Intermediate erythroblast_133.jpeg,Intermediate erythroblast,9.1,6M
add\Intermediate erythroblast\Intermediate erythroblast_134.jpeg,Intermediate erythroblast,11.9,6M
add\Intermediate erythroblast\Intermediate erythroblast_135.jpeg,Intermediate erythroblast,6.7,6M
add\Intermediate erythroblast\Intermediate erythroblast_136.jpeg,Intermediate erythroblast,10.8,6M
add\Intermediate erythroblast\Intermediate erythroblast_137.jpeg,Intermediate erythroblast,14.3,6M
add\Intermediate erythroblast\Intermediate erythroblast_138.jpeg,Intermediate erythroblast,9.9,6M
add\Intermediate erythroblast\Intermediate erythroblast_139.jpeg,Intermediate erythroblast,8.5,6M
add\Intermediate erythroblast\Intermediate erythroblast_140.jpeg,Intermediate erythroblast,10,6M
add\Intermediate erythroblast\Intermediate erythroblast_141.jpeg,Intermediate erythroblast,15.5,6M
add\Intermediate erythroblast\Intermediate erythroblast_142.jpeg,Intermediate erythroblast,12,6M
add\Intermediate erythroblast\Intermediate erythroblast_143.jpeg,Intermediate erythroblast,11.9,6M
add\Intermediate erythroblast\Intermediate erythroblast_144.jpeg,Intermediate erythroblast,11.9,6M
add\Intermediate erythroblast\Intermediate erythroblast_145.jpeg,Intermediate erythroblast,9.5,6M
add\Intermediate erythroblast\Intermediate erythroblast_146.jpeg,Intermediate erythroblast,10,6M
add\Intermediate erythroblast\Intermediate erythroblast_147.jpeg,Intermediate erythroblast,13.3,6M
add\Intermediate erythroblast\Intermediate erythroblast_148.jpeg,Intermediate erythroblast,13.3,6M
add\Intermediate erythroblast\Intermediate erythroblast_149.jpeg,Intermediate erythroblast,15,6M
add\Intermediate erythroblast\Intermediate erythroblast_150.jpeg,Intermediate erythroblast,15.9,6M
add\Intermediate erythroblast\Intermediate erythroblast_151.jpeg,Intermediate erythroblast,14.1,6M
add\Intermediate erythroblast\Intermediate erythroblast_152.jpeg,Intermediate erythroblast,11.7,6M
add\Intermediate erythroblast\Intermediate erythroblast_153.jpeg,Intermediate erythroblast,14.2,6M
add\Intermediate erythroblast\Intermediate erythroblast_154.jpeg,Intermediate erythroblast,11.2,6M
add\Intermediate erythroblast\Intermediate erythroblast_155.jpeg,Intermediate erythroblast,9.6,6M
add\Intermediate erythroblast\Intermediate erythroblast_156.jpeg,Intermediate erythroblast,12,6M
add\Intermediate erythroblast\Intermediate erythroblast_157.jpeg,Intermediate erythroblast,13.8,6M
add\Intermediate erythroblast\Intermediate erythroblast_158.jpeg,Intermediate erythroblast,16.1,6M
add\Intermediate erythroblast\Intermediate erythroblast_159.jpeg,Intermediate erythroblast,10.1,6M
add\Intermediate erythroblast\Intermediate erythroblast_160.jpeg,Intermediate erythroblast,14.6,6M
add\Intermediate erythroblast\Intermediate erythroblast_161.jpeg,Intermediate erythroblast,10.4,6M
add\Intermediate erythroblast\Intermediate erythroblast_162.jpeg,Intermediate erythroblast,9,6M
add\Intermediate erythroblast\Intermediate erythroblast_163.jpeg,Intermediate erythroblast,11.4,6M
add\Intermediate erythroblast\Intermediate erythroblast_164.jpeg,Intermediate erythroblast,9.5,6M
add\Intermediate erythroblast\Intermediate erythroblast_165.jpeg,Intermediate erythroblast,9,6M
add\Intermediate erythroblast\Intermediate erythroblast_166.jpeg,Intermediate erythroblast,8.6,6M
add\Intermediate erythroblast\Intermediate erythroblast_167.jpeg,Intermediate erythroblast,9,6M
add\Intermediate erythroblast\Intermediate erythroblast_168.jpeg,Intermediate erythroblast,8.4,6M
add\Intermediate erythroblast\Intermediate erythroblast_169.jpeg,Intermediate erythroblast,15.4,6M
add\Intermediate erythroblast\Intermediate erythroblast_170.jpeg,Intermediate erythroblast,7.7,6M
add\Intermediate erythroblast\Intermediate erythroblast_171.jpeg,Intermediate erythroblast,7.7,6M
add\Intermediate erythroblast\Intermediate erythroblast_172.jpeg,Intermediate erythroblast,8.6,6M
add\Intermediate erythroblast\Intermediate erythroblast_173.jpeg,Intermediate erythroblast,9.7,6M
add\Intermediate erythroblast\Intermediate erythroblast_174.jpeg,Intermediate erythroblast,12.3,6M
add\Intermediate erythroblast\Intermediate erythroblast_175.jpeg,Intermediate erythroblast,14.8,6M
add\Intermediate erythroblast\Intermediate erythroblast_176.jpeg,Intermediate erythroblast,15.8,6M
add\Intermediate erythroblast\Intermediate erythroblast_177.jpeg,Intermediate erythroblast,9.5,6M
add\Intermediate erythroblast\Intermediate erythroblast_178.jpeg,Intermediate erythroblast,17.6,6M
add\Intermediate erythroblast\Intermediate erythroblast_179.jpeg,Intermediate erythroblast,10.4,6M
add\Intermediate erythroblast\Intermediate erythroblast_180.jpeg,Intermediate erythroblast,12.5,6M
add\Intermediate erythroblast\Intermediate erythroblast_181.jpeg,Intermediate erythroblast,15.4,6M
add\Intermediate erythroblast\Intermediate erythroblast_182.jpeg,Intermediate erythroblast,13.9,6M
add\Intermediate erythroblast\Intermediate erythroblast_183.jpeg,Intermediate erythroblast,10.5,6M
add\Intermediate erythroblast\Intermediate erythroblast_184.jpeg,Intermediate erythroblast,8.9,6M
add\Intermediate erythroblast\Intermediate erythroblast_185.jpeg,Intermediate erythroblast,10.9,6M
add\Intermediate erythroblast\Intermediate erythroblast_186.jpeg,Intermediate erythroblast,9.3,6M
add\Intermediate erythroblast\Intermediate erythroblast_187.jpeg,Intermediate erythroblast,8.2,6M
add\Intermediate erythroblast\Intermediate erythroblast_188.jpeg,Intermediate erythroblast,9.7,6M
add\Intermediate erythroblast\Intermediate erythroblast_189.jpeg,Intermediate erythroblast,11.9,6M
add\Intermediate erythroblast\Intermediate erythroblast_190.jpeg,Intermediate erythroblast,10,6M
add\Intermediate erythroblast\Intermediate erythroblast_191.jpeg,Intermediate erythroblast,6.2,6M
add\Intermediate erythroblast\Intermediate erythroblast_192.jpeg,Intermediate erythroblast,10.5,6M
add\Intermediate erythroblast\Intermediate erythroblast_193.jpeg,Intermediate erythroblast,7.9,6M
add\Intermediate erythroblast\Intermediate erythroblast_194.jpeg,Intermediate erythroblast,10.4,6M
add\Intermediate erythroblast\Intermediate erythroblast_195.jpeg,Intermediate erythroblast,9.8,6M
add\Intermediate erythroblast\Intermediate erythroblast_196.jpeg,Intermediate erythroblast,15.2,6M
add\Intermediate erythroblast\Intermediate erythroblast_197.jpeg,Intermediate erythroblast,11.5,6M
add\Intermediate erythroblast\Intermediate erythroblast_198.jpeg,Intermediate erythroblast,9.5,6M
add\Intermediate erythroblast\Intermediate erythroblast_199.jpeg,Intermediate erythroblast,10.8,6M
add\Intermediate erythroblast\Intermediate erythroblast_200.jpeg,Intermediate erythroblast,10.1,6M
add\Intermediate erythroblast\Intermediate erythroblast_201.jpeg,Intermediate erythroblast,11.5,6M
add\Intermediate erythroblast\Intermediate erythroblast_202.jpeg,Intermediate erythroblast,15.7,6M
add\Intermediate erythroblast\Intermediate erythroblast_203.jpeg,Intermediate erythroblast,12.8,6M
add\Intermediate erythroblast\Intermediate erythroblast_204.jpeg,Intermediate erythroblast,14.7,6M
add\Intermediate erythroblast\Intermediate erythroblast_205.jpeg,Intermediate erythroblast,10.8,6M
add\Intermediate erythroblast\Intermediate erythroblast_206.jpeg,Intermediate erythroblast,7.4,6M
add\Intermediate erythroblast\Intermediate erythroblast_207.jpeg,Intermediate erythroblast,12.5,6M
add\Intermediate erythroblast\Intermediate erythroblast_208.jpeg,Intermediate erythroblast,10.1,6M
add\Intermediate erythroblast\Intermediate erythroblast_209.jpeg,Intermediate erythroblast,11.2,6M
add\Intermediate erythroblast\Intermediate erythroblast_210.jpeg,Intermediate erythroblast,10.6,6M
add\Intermediate erythroblast\Intermediate erythroblast_211.jpeg,Intermediate erythroblast,10.9,6M
add\Intermediate erythroblast\Intermediate erythroblast_212.jpeg,Intermediate erythroblast,9.1,6M
add\Intermediate erythroblast\Intermediate erythroblast_213.jpeg,Intermediate erythroblast,8.1,6M
add\Intermediate erythroblast\Intermediate erythroblast_214.jpeg,Intermediate erythroblast,12.3,6M
add\Intermediate erythroblast\Intermediate erythroblast_215.jpeg,Intermediate erythroblast,9.8,6M
add\Intermediate erythroblast\Intermediate erythroblast_216.jpeg,Intermediate erythroblast,10.9,6M
add\Intermediate erythroblast\Intermediate erythroblast_217.jpeg,Intermediate erythroblast,10.8,6M
add\Intermediate erythroblast\Intermediate erythroblast_218.jpeg,Intermediate erythroblast,7,6M
add\Intermediate erythroblast\Intermediate erythroblast_219.jpeg,Intermediate erythroblast,8.4,6M
add\Intermediate erythroblast\Intermediate erythroblast_220.jpeg,Intermediate erythroblast,9,6M
add\Intermediate erythroblast\Intermediate erythroblast_221.jpeg,Intermediate erythroblast,8.6,6M
add\Intermediate erythroblast\Intermediate erythroblast_222.jpeg,Intermediate erythroblast,9.5,6M
add\Intermediate erythroblast\Intermediate erythroblast_223.jpeg,Intermediate erythroblast,8,6M
add\Intermediate erythroblast\Intermediate erythroblast_224.jpeg,Intermediate erythroblast,8.2,6M
add\Intermediate erythroblast\Intermediate erythroblast_225.jpeg,Intermediate erythroblast,8.3,6M
add\Late erythroblast\Late erythroblast_000.jpeg,Late erythroblast,6.7,1.6M
add\Late erythroblast\Late erythroblast_001.jpeg,Late erythroblast,8.3,1.6M
add\Late erythroblast\Late erythroblast_002.jpeg,Late erythroblast,5.4,1.6M
add\Late erythroblast\Late erythroblast_003.jpeg,Late erythroblast,4.5,1.6M
add\Late erythroblast\Late erythroblast_004.jpeg,Late erythroblast,6.4,1.6M
add\Late erythroblast\Late erythroblast_005.jpeg,Late erythroblast,10.9,1.6M
add\Late erythroblast\Late erythroblast_006.jpeg,Late erythroblast,6.4,1.6M
add\Late erythroblast\Late erythroblast_007.jpeg,Late erythroblast,8.3,1.6M
add\Late erythroblast\Late erythroblast_008.jpeg,Late erythroblast,5.9,1.6M
add\Late erythroblast\Late erythroblast_009.jpeg,Late erythroblast,7,1.6M
add\Late erythroblast\Late erythroblast_010.jpeg,Late erythroblast,7.2,1.6M
add\Late erythroblast\Late erythroblast_011.jpeg,Late erythroblast,8.1,1.6M
add\Late erythroblast\Late erythroblast_012.jpeg,Late erythroblast,6.7,1.6M
add\Late erythroblast\Late erythroblast_013.jpeg,Late erythroblast,11.1,1.6M
add\Late erythroblast\Late erythroblast_014.jpeg,Late erythroblast,8,1.6M
add\Late erythroblast\Late erythroblast_015.jpeg,Late erythroblast,6.4,1.6M
add\Late erythroblast\Late erythroblast_016.jpeg,Late erythroblast,5.9,1.6M
add\Late erythroblast\Late erythroblast_017.jpeg,Late erythroblast,7,1.6M
add\Late erythroblast\Late erythroblast_018.jpeg,Late erythroblast,11.1,1.6M
add\Late erythroblast\Late erythroblast_019.jpeg,Late erythroblast,10,1.6M
add\Late erythroblast\Late erythroblast_020.jpeg,Late erythroblast,8.6,1.6M
add\Late erythroblast\Late erythroblast_021.jpeg,Late erythroblast,10.1,1.6M
add\Late erythroblast\Late erythroblast_022.jpeg,Late erythroblast,5.3,1.6M
add\Late erythroblast\Late erythroblast_023.jpeg,Late erythroblast,5,1.6M
add\Late erythroblast\Late erythroblast_024.jpeg,Late erythroblast,6.8,1.6M
add\Late erythroblast\Late erythroblast_025.jpeg,Late erythroblast,7.6,1.6M
add\Late erythroblast\Late erythroblast_026.jpeg,Late erythroblast,6.2,1.6M
add\Late erythroblast\Late erythroblast_027.jpeg,Late erythroblast,11.1,1.6M
add\Late erythroblast\Late erythroblast_028.jpeg,Late erythroblast,8.6,1.6M
add\Late erythroblast\Late erythroblast_029.jpeg,Late erythroblast,7.8,1.6M
add\Late erythroblast\Late erythroblast_030.jpeg,Late erythroblast,8.7,1.6M
add\Late erythroblast\Late erythroblast_031.jpeg,Late erythroblast,6.1,1.6M
add\Late erythroblast\Late erythroblast_032.jpeg,Late erythroblast,7,1.6M
add\Late erythroblast\Late erythroblast_033.jpeg,Late erythroblast,8.3,1.6M
add\Late erythroblast\Late erythroblast_034.jpeg,Late erythroblast,9.2,1.6M
add\Late erythroblast\Late erythroblast_035.jpeg,Late erythroblast,6.4,1.6M
add\Late erythroblast\Late erythroblast_036.jpeg,Late erythroblast,9.1,1.6M
add\Late erythroblast\Late erythroblast_037.jpeg,Late erythroblast,10,1.6M
add\Late erythroblast\Late erythroblast_038.jpeg,Late erythroblast,7.8,1.6M
add\Late erythroblast\Late erythroblast_039.jpeg,Late erythroblast,5.7,1.6M
add\Late erythroblast\Late erythroblast_040.jpeg,Late erythroblast,8,1.6M
add\Late erythroblast\Late erythroblast_041.jpeg,Late erythroblast,7.2,1.6M
add\Late erythroblast\Late erythroblast_042.jpeg,Late erythroblast,5.9,5M
add\Late erythroblast\Late erythroblast_043.jpeg,Late erythroblast,7.5,5M
add\Late erythroblast\Late erythroblast_044.jpeg,Late erythroblast,8.3,5M
add\Late erythroblast\Late erythroblast_045.jpeg,Late erythroblast,6.5,5M
add\Late erythroblast\Late erythroblast_046.jpeg,Late erythroblast,6.5,5M
add\Late erythroblast\Late erythroblast_047.jpeg,Late erythroblast,6.8,5M
add\Late erythroblast\Late erythroblast_048.jpeg,Late erythroblast,6.4,5M
add\Late erythroblast\Late erythroblast_049.jpeg,Late erythroblast,10.3,5M
add\Late erythroblast\Late erythroblast_050.jpeg,Late erythroblast,8.7,5M
add\Late erythroblast\Late erythroblast_051.jpeg,Late erythroblast,11.1,5M
add\Late erythroblast\Late erythroblast_052.jpeg,Late erythroblast,12.5,5M
add\Late erythroblast\Late erythroblast_053.jpeg,Late erythroblast,12,5M
add\Late erythroblast\Late erythroblast_054.jpeg,Late erythroblast,11,5M
add\Late erythroblast\Late erythroblast_055.jpeg,Late erythroblast,12,5M
add\Late erythroblast\Late erythroblast_056.jpeg,Late erythroblast,17.4,5M
add\Late erythroblast\Late erythroblast_057.jpeg,Late erythroblast,13.7,5M
add\Late erythroblast\Late erythroblast_058.jpeg,Late erythroblast,10.4,5M
add\Late erythroblast\Late erythroblast_059.jpeg,Late erythroblast,10,5M
add\Late erythroblast\Late erythroblast_060.jpeg,Late erythroblast,12.3,5M
add\Late erythroblast\Late erythroblast_061.jpeg,Late erythroblast,8.2,5M
add\Late erythroblast\Late erythroblast_062.jpeg,Late erythroblast,13.4,5M
add\Late erythroblast\Late erythroblast_063.jpeg,Late erythroblast,12.6,5M
add\Late erythroblast\Late erythroblast_064.jpeg,Late erythroblast,12.3,5M
add\Late erythroblast\Late erythroblast_065.jpeg,Late erythroblast,10.7,5M
add\Late erythroblast\Late erythroblast_066.jpeg,Late erythroblast,10,5M
add\Late erythroblast\Late erythroblast_067.jpeg,Late erythroblast,12.2,5M
add\Late erythroblast\Late erythroblast_068.jpeg,Late erythroblast,5.6,5M
add\Late erythroblast\Late erythroblast_069.jpeg,Late erythroblast,19.2,5M
add\Late erythroblast\Late erythroblast_070.jpeg,Late erythroblast,13.2,5M
add\Late erythroblast\Late erythroblast_071.jpeg,Late erythroblast,15,5M
add\Late erythroblast\Late erythroblast_072.jpeg,Late erythroblast,6.4,5M
add\Late erythroblast\Late erythroblast_073.jpeg,Late erythroblast,5.7,5M
add\Late erythroblast\Late erythroblast_074.jpeg,Late erythroblast,6.1,5M
add\Late erythroblast\Late erythroblast_075.jpeg,Late erythroblast,7,5M
add\Late erythroblast\Late erythroblast_076.jpeg,Late erythroblast,6.3,5M
add\Late erythroblast\Late erythroblast_077.jpeg,Late erythroblast,5.3,5M
add\Late erythroblast\Late erythroblast_078.jpeg,Late erythroblast,8.9,5M
add\Late erythroblast\Late erythroblast_079.jpeg,Late erythroblast,10.1,5M
add\Late erythroblast\Late erythroblast_080.jpeg,Late erythroblast,8.5,5M
add\Late erythroblast\Late erythroblast_081.jpeg,Late erythroblast,7.4,5M
add\Late erythroblast\Late erythroblast_082.jpeg,Late erythroblast,7.8,6M
add\Late erythroblast\Late erythroblast_083.jpeg,Late erythroblast,8.2,6M
add\Late erythroblast\Late erythroblast_084.jpeg,Late erythroblast,9.2,6M
add\Late erythroblast\Late erythroblast_085.jpeg,Late erythroblast,10.1,6M
add\Late erythroblast\Late erythroblast_086.jpeg,Late erythroblast,10.1,6M
add\Late erythroblast\Late erythroblast_087.jpeg,Late erythroblast,9,6M
add\Late erythroblast\Late erythroblast_088.jpeg,Late erythroblast,8.5,6M
add\Late erythroblast\Late erythroblast_089.jpeg,Late erythroblast,8.3,6M
add\Late erythroblast\Late erythroblast_090.jpeg,Late erythroblast,8.7,6M
add\Late erythroblast\Late erythroblast_091.jpeg,Late erythroblast,6.6,6M
add\Late erythroblast\Late erythroblast_092.jpeg,Late erythroblast,8,6M
add\Late erythroblast\Late erythroblast_093.jpeg,Late erythroblast,6.2,6M
add\Late erythroblast\Late erythroblast_094.jpeg,Late erythroblast,7.2,6M
add\Late erythroblast\Late erythroblast_095.jpeg,Late erythroblast,8,6M
add\Late erythroblast\Late erythroblast_096.jpeg,Late erythroblast,7.1,6M
add\Late erythroblast\Late erythroblast_097.jpeg,Late erythroblast,12.8,6M
add\Late erythroblast\Late erythroblast_098.jpeg,Late erythroblast,8.8,6M
add\Late erythroblast\Late erythroblast_099.jpeg,Late erythroblast,11.9,6M
add\Late erythroblast\Late erythroblast_100.jpeg,Late erythroblast,12.3,6M
add\Late erythroblast\Late erythroblast_101.jpeg,Late erythroblast,11.3,6M
add\Late erythroblast\Late erythroblast_102.jpeg,Late erythroblast,9.4,6M
add\Late erythroblast\Late erythroblast_103.jpeg,Late erythroblast,9.1,6M
add\Late erythroblast\Late erythroblast_104.jpeg,Late erythroblast,8.2,6M
add\Late erythroblast\Late erythroblast_105.jpeg,Late erythroblast,6.4,6M
add\Late erythroblast\Late erythroblast_106.jpeg,Late erythroblast,10,6M
add\Late erythroblast\Late erythroblast_107.jpeg,Late erythroblast,6.7,6M
add\Late erythroblast\Late erythroblast_108.jpeg,Late erythroblast,6.9,6M
add\Late erythroblast\Late erythroblast_109.jpeg,Late erythroblast,6.4,6M
add\Late erythroblast\Late erythroblast_110.jpeg,Late erythroblast,14.2,6M
add\Late erythroblast\Late erythroblast_111.jpeg,Late erythroblast,8.1,6M
add\Late erythroblast\Late erythroblast_112.jpeg,Late erythroblast,9.8,6M
add\Late erythroblast\Late erythroblast_113.jpeg,Late erythroblast,9.6,6M
add\Late erythroblast\Late erythroblast_114.jpeg,Late erythroblast,7.8,6M
add\Late erythroblast\Late erythroblast_115.jpeg,Late erythroblast,11.8,6M
add\Late erythroblast\Late erythroblast_116.jpeg,Late erythroblast,12,6M
add\Late erythroblast\Late erythroblast_117.jpeg,Late erythroblast,9.1,6M
add\Late erythroblast\Late erythroblast_118.jpeg,Late erythroblast,10.3,6M
add\Late erythroblast\Late erythroblast_119.jpeg,Late erythroblast,7.8,6M
add\Late erythroblast\Late erythroblast_120.jpeg,Late erythroblast,10.1,6M
add\Late erythroblast\Late erythroblast_121.jpeg,Late erythroblast,8.5,6M
add\Late erythroblast\Late erythroblast_122.jpeg,Late erythroblast,8.5,6M
add\Late erythroblast\Late erythroblast_123.jpeg,Late erythroblast,12.8,6M
add\Late erythroblast\Late erythroblast_124.jpeg,Late erythroblast,7.7,6M
add\Late erythroblast\Late erythroblast_125.jpeg,Late erythroblast,12.5,6M
add\Late erythroblast\Late erythroblast_126.jpeg,Late erythroblast,6.3,6M
add\Late erythroblast\Late erythroblast_127.jpeg,Late erythroblast,8.3,6M
add\Late erythroblast\Late erythroblast_128.jpeg,Late erythroblast,11.2,6M
add\Late erythroblast\Late erythroblast_129.jpeg,Late erythroblast,8.7,6M
add\Late erythroblast\Late erythroblast_130.jpeg,Late erythroblast,6,6M
add\Late erythroblast\Late erythroblast_131.jpeg,Late erythroblast,11.1,6M
add\Late erythroblast\Late erythroblast_132.jpeg,Late erythroblast,7.7,6M
add\Late erythroblast\Late erythroblast_133.jpeg,Late erythroblast,8.8,6M
add\Late erythroblast\Late erythroblast_134.jpeg,Late erythroblast,9.5,6M
add\Late erythroblast\Late erythroblast_135.jpeg,Late erythroblast,10,6M
add\Late erythroblast\Late erythroblast_136.jpeg,Late erythroblast,9,6M
add\Late erythroblast\Late erythroblast_137.jpeg,Late erythroblast,7.4,6M
add\Late erythroblast\Late erythroblast_138.jpeg,Late erythroblast,11.1,6M
add\Late erythroblast\Late erythroblast_139.jpeg,Late erythroblast,7.7,6M
add\Late erythroblast\Late erythroblast_140.jpeg,Late erythroblast,8.6,6M
add\Late erythroblast\Late erythroblast_141.jpeg,Late erythroblast,8.5,6M
add\Late erythroblast\Late erythroblast_142.jpeg,Late erythroblast,9.5,6M
add\Late erythroblast\Late erythroblast_143.jpeg,Late erythroblast,8.5,6M
add\Late erythroblast\Late erythroblast_144.jpeg,Late erythroblast,8.1,6M
add\Late erythroblast\Late erythroblast_145.jpeg,Late erythroblast,9,6M
add\Late erythroblast\Late erythroblast_146.jpeg,Late erythroblast,9.4,6M
add\Late erythroblast\Late erythroblast_147.jpeg,Late erythroblast,8.6,6M
add\Late erythroblast\Late erythroblast_148.jpeg,Late erythroblast,6.7,6M
add\Late erythroblast\Late erythroblast_149.jpeg,Late erythroblast,6.1,6M
add\Late erythroblast\Late erythroblast_150.jpeg,Late erythroblast,6.9,6M
add\Late erythroblast\Late erythroblast_151.jpeg,Late erythroblast,8.8,6M
add\Late erythroblast\Late erythroblast_152.jpeg,Late erythroblast,5.3,6M
add\Late erythroblast\Late erythroblast_153.jpeg,Late erythroblast,5.7,6M
add\Late erythroblast\Late erythroblast_154.jpeg,Late erythroblast,7.7,6M
add\Late erythroblast\Late erythroblast_155.jpeg,Late erythroblast,6.2,6M
add\Late erythroblast\Late erythroblast_156.jpeg,Late erythroblast,7.6,6M
add\Late erythroblast\Late erythroblast_157.jpeg,Late erythroblast,6.8,6M
add\Late erythroblast\Late erythroblast_158.jpeg,Late erythroblast,9.4,6M
add\Late erythroblast\Late erythroblast_159.jpeg,Late erythroblast,5.7,6M
add\Late erythroblast\Late erythroblast_160.jpeg,Late erythroblast,7.7,6M
add\Late erythroblast\Late erythroblast_161.jpeg,Late erythroblast,8.6,6M
add\Late erythroblast\Late erythroblast_162.jpeg,Late erythroblast,5.3,6M
add\Late erythroblast\Late erythroblast_163.jpeg,Late erythroblast,5.7,6M
add\Late erythroblast\Late erythroblast_164.jpeg,Late erythroblast,9.5,6M
add\Late erythroblast\Late erythroblast_165.jpeg,Late erythroblast,11.1,6M
add\Late erythroblast\Late erythroblast_166.jpeg,Late erythroblast,7.1,6M
add\Late erythroblast\Late erythroblast_167.jpeg,Late erythroblast,6.7,6M
add\Late erythroblast\Late erythroblast_168.jpeg,Late erythroblast,4,6M
add\Late erythroblast\Late erythroblast_169.jpeg,Late erythroblast,8.2,6M
add\Late erythroblast\Late erythroblast_170.jpeg,Late erythroblast,11.8,6M
add\Late erythroblast\Late erythroblast_171.jpeg,Late erythroblast,11.1,6M
add\Late erythroblast\Late erythroblast_172.jpeg,Late erythroblast,9.1,6M
add\Late erythroblast\Late erythroblast_173.jpeg,Late erythroblast,9.9,6M
add\Late erythroblast\Late erythroblast_174.jpeg,Late erythroblast,9.5,6M
add\Late erythroblast\Late erythroblast_175.jpeg,Late erythroblast,9.1,6M
add\Late erythroblast\Late erythroblast_176.jpeg,Late erythroblast,8.3,6M
add\Late erythroblast\Late erythroblast_177.jpeg,Late erythroblast,8.6,6M
add\Late erythroblast\Late erythroblast_178.jpeg,Late erythroblast,7.3,6M
add\Late erythroblast\Late erythroblast_179.jpeg,Late erythroblast,7.6,6M
add\Late erythroblast\Late erythroblast_180.jpeg,Late erythroblast,9.4,6M
add\Late erythroblast\Late erythroblast_181.jpeg,Late erythroblast,7.5,6M
add\Late erythroblast\Late erythroblast_182.jpeg,Late erythroblast,9.1,6M
add\Late erythroblast\Late erythroblast_183.jpeg,Late erythroblast,7.8,6M
add\Late erythroblast\Late erythroblast_184.jpeg,Late erythroblast,7.8,6M
add\Late erythroblast\Late erythroblast_185.jpeg,Late erythroblast,8.6,6M
add\Late erythroblast\Late erythroblast_186.jpeg,Late erythroblast,7.7,6M
add\Late erythroblast\Late erythroblast_187.jpeg,Late erythroblast,6.7,6M
add\Late erythroblast\Late erythroblast_188.jpeg,Late erythroblast,7.6,6M
add\Late erythroblast\Late erythroblast_189.jpeg,Late erythroblast,6.1,6M
add\Late erythroblast\Late erythroblast_190.jpeg,Late erythroblast,10.8,6M
add\Late erythroblast\Late erythroblast_191.jpeg,Late erythroblast,10.5,6M
add\Late erythroblast\Late erythroblast_192.jpeg,Late erythroblast,7.9,6M
add\Late erythroblast\Late erythroblast_193.jpeg,Late erythroblast,8.5,6M
add\Late erythroblast\Late erythroblast_194.jpeg,Late erythroblast,8.2,6M
add\Late erythroblast\Late erythroblast_195.jpeg,Late erythroblast,10.5,6M
add\Late erythroblast\Late erythroblast_196.jpeg,Late erythroblast,9.1,6M
add\Late erythroblast\Late erythroblast_197.jpeg,Late erythroblast,8.7,6M
add\Late erythroblast\Late erythroblast_198.jpeg,Late erythroblast,10.6,6M
add\Late erythroblast\Late erythroblast_199.jpeg,Late erythroblast,9.1,6M
add\Late erythroblast\Late erythroblast_200.jpeg,Late erythroblast,9.4,6M
add\Late erythroblast\Late erythroblast_201.jpeg,Late erythroblast,8.3,6M
add\Late erythroblast\Late erythroblast_202.jpeg,Late erythroblast,9,6M
add\Late erythroblast\Late erythroblast_203.jpeg,Late erythroblast,6.9,6M
add\Late erythroblast\Late erythroblast_204.jpeg,Late erythroblast,8.7,6M
add\Late erythroblast\Late erythroblast_205.jpeg,Late erythroblast,6.5,6M
add\Late erythroblast\Late erythroblast_206.jpeg,Late erythroblast,7,6M
add\Late erythroblast\Late erythroblast_207.jpeg,Late erythroblast,7.1,6M
add\Late erythroblast\Late erythroblast_208.jpeg,Late erythroblast,6,6M
add\Late erythroblast\Late erythroblast_209.jpeg,Late erythroblast,6.7,6M
add\Late erythroblast\Late erythroblast_210.jpeg,Late erythroblast,6.4,6M
add\Late erythroblast\Late erythroblast_211.jpeg,Late erythroblast,7.5,6M
add\Mature lymphocyte\Mature lymphocyte_000.jpeg,Mature lymphocyte,12.8,1.6M
add\Mature lymphocyte\Mature lymphocyte_001.jpeg,Mature lymphocyte,14.9,1.6M
add\Mature lymphocyte\Mature lymphocyte_002.jpeg,Mature lymphocyte,15,1.6M
add\Mature lymphocyte\Mature lymphocyte_003.jpeg,Mature lymphocyte,12.8,1.6M
add\Mature lymphocyte\Mature lymphocyte_004.jpeg,Mature lymphocyte,11.7,1.6M
add\Mature lymphocyte\Mature lymphocyte_005.jpeg,Mature lymphocyte,7.6,1.6M
add\Mature lymphocyte\Mature lymphocyte_006.jpeg,Mature lymphocyte,8.3,1.6M
add\Mature lymphocyte\Mature lymphocyte_007.jpeg,Mature lymphocyte,7.8,1.6M
add\Mature lymphocyte\Mature lymphocyte_008.jpeg,Mature lymphocyte,11.4,1.6M
add\Mature lymphocyte\Mature lymphocyte_009.jpeg,Mature lymphocyte,7.6,1.6M
add\Mature lymphocyte\Mature lymphocyte_010.jpeg,Mature lymphocyte,18.2,1.6M
add\Mature lymphocyte\Mature lymphocyte_011.jpeg,Mature lymphocyte,12.7,1.6M
add\Mature lymphocyte\Mature lymphocyte_012.jpeg,Mature lymphocyte,13.5,1.6M
add\Mature lymphocyte\Mature lymphocyte_013.jpeg,Mature lymphocyte,16.3,1.6M
add\Mature lymphocyte\Mature lymphocyte_014.jpeg,Mature lymphocyte,8.7,1.6M
add\Mature lymphocyte\Mature lymphocyte_015.jpeg,Mature lymphocyte,7.8,1.6M
add\Mature lymphocyte\Mature lymphocyte_016.jpeg,Mature lymphocyte,14.6,1.6M
add\Mature lymphocyte\Mature lymphocyte_017.jpeg,Mature lymphocyte,7.6,1.6M
add\Mature lymphocyte\Mature lymphocyte_018.jpeg,Mature lymphocyte,14.4,1.6M
add\Mature lymphocyte\Mature lymphocyte_019.jpeg,Mature lymphocyte,10.8,1.6M
add\Mature lymphocyte\Mature lymphocyte_020.jpeg,Mature lymphocyte,10.3,1.6M
add\Mature lymphocyte\Mature lymphocyte_021.jpeg,Mature lymphocyte,7.2,1.6M
add\Mature lymphocyte\Mature lymphocyte_022.jpeg,Mature lymphocyte,16.5,1.6M
add\Mature lymphocyte\Mature lymphocyte_023.jpeg,Mature lymphocyte,16.6,1.6M
add\Mature lymphocyte\Mature lymphocyte_024.jpeg,Mature lymphocyte,15.8,1.6M
add\Mature lymphocyte\Mature lymphocyte_025.jpeg,Mature lymphocyte,11.4,1.6M
add\Mature lymphocyte\Mature lymphocyte_026.jpeg,Mature lymphocyte,10.9,1.6M
add\Mature lymphocyte\Mature lymphocyte_027.jpeg,Mature lymphocyte,9.5,1.6M
add\Mature lymphocyte\Mature lymphocyte_028.jpeg,Mature lymphocyte,13.9,1.6M
add\Mature lymphocyte\Mature lymphocyte_029.jpeg,Mature lymphocyte,11.6,1.6M
add\Mature lymphocyte\Mature lymphocyte_030.jpeg,Mature lymphocyte,13.3,1.6M
add\Mature lymphocyte\Mature lymphocyte_031.jpeg,Mature lymphocyte,12.7,1.6M
add\Mature lymphocyte\Mature lymphocyte_032.jpeg,Mature lymphocyte,10,1.6M
add\Mature lymphocyte\Mature lymphocyte_033.jpeg,Mature lymphocyte,10,1.6M
add\Mature lymphocyte\Mature lymphocyte_034.jpeg,Mature lymphocyte,13.5,1.6M
add\Mature lymphocyte\Mature lymphocyte_035.jpeg,Mature lymphocyte,12.5,1.6M
add\Mature lymphocyte\Mature lymphocyte_036.jpeg,Mature lymphocyte,11.7,1.6M
add\Mature lymphocyte\Mature lymphocyte_037.jpeg,Mature lymphocyte,12.5,1.6M
add\Mature lymphocyte\Mature lymphocyte_038.jpeg,Mature lymphocyte,13.5,1.6M
add\Mature lymphocyte\Mature lymphocyte_039.jpeg,Mature lymphocyte,11.4,1.6M
add\Mature lymphocyte\Mature lymphocyte_040.jpeg,Mature lymphocyte,10,1.6M
add\Mature lymphocyte\Mature lymphocyte_041.jpeg,Mature lymphocyte,6.7,1.6M
add\Mature lymphocyte\Mature lymphocyte_042.jpeg,Mature lymphocyte,7.8,1.6M
add\Mature lymphocyte\Mature lymphocyte_043.jpeg,Mature lymphocyte,9.5,1.6M
add\Mature lymphocyte\Mature lymphocyte_044.jpeg,Mature lymphocyte,8.9,1.6M
add\Mature lymphocyte\Mature lymphocyte_045.jpeg,Mature lymphocyte,8,1.6M
add\Mature lymphocyte\Mature lymphocyte_046.jpeg,Mature lymphocyte,9.2,1.6M
add\Mature lymphocyte\Mature lymphocyte_047.jpeg,Mature lymphocyte,5.7,1.6M
add\Mature lymphocyte\Mature lymphocyte_048.jpeg,Mature lymphocyte,11.9,1.6M
add\Mature lymphocyte\Mature lymphocyte_049.jpeg,Mature lymphocyte,11.4,1.6M
add\Mature lymphocyte\Mature lymphocyte_050.jpeg,Mature lymphocyte,6.1,1.6M
add\Mature lymphocyte\Mature lymphocyte_051.jpeg,Mature lymphocyte,9.2,1.6M
add\Mature lymphocyte\Mature lymphocyte_052.jpeg,Mature lymphocyte,9.2,1.6M
add\Mature lymphocyte\Mature lymphocyte_053.jpeg,Mature lymphocyte,4.5,1.6M
add\Mature lymphocyte\Mature lymphocyte_054.jpeg,Mature lymphocyte,5.1,1.6M
add\Mature lymphocyte\Mature lymphocyte_055.jpeg,Mature lymphocyte,5.9,1.6M
add\Mature lymphocyte\Mature lymphocyte_056.jpeg,Mature lymphocyte,8.3,1.6M
add\Mature lymphocyte\Mature lymphocyte_057.jpeg,Mature lymphocyte,8.9,1.6M
add\Mature lymphocyte\Mature lymphocyte_058.jpeg,Mature lymphocyte,7.2,1.6M
add\Mature lymphocyte\Mature lymphocyte_059.jpeg,Mature lymphocyte,9.5,1.6M
add\Mature lymphocyte\Mature lymphocyte_060.jpeg,Mature lymphocyte,14.4,1.6M
add\Mature lymphocyte\Mature lymphocyte_061.jpeg,Mature lymphocyte,9.5,1.6M
add\Mature lymphocyte\Mature lymphocyte_062.jpeg,Mature lymphocyte,8.1,1.6M
add\Mature lymphocyte\Mature lymphocyte_063.jpeg,Mature lymphocyte,7,1.6M
add\Mature lymphocyte\Mature lymphocyte_064.jpeg,Mature lymphocyte,12.4,1.6M
add\Mature lymphocyte\Mature lymphocyte_065.jpeg,Mature lymphocyte,11.7,1.6M
add\Mature lymphocyte\Mature lymphocyte_066.jpeg,Mature lymphocyte,14.4,1.6M
add\Mature lymphocyte\Mature lymphocyte_067.jpeg,Mature lymphocyte,9.7,1.6M
add\Mature lymphocyte\Mature lymphocyte_068.jpeg,Mature lymphocyte,9.1,1.6M
add\Mature lymphocyte\Mature lymphocyte_069.jpeg,Mature lymphocyte,16.1,1.6M
add\Mature lymphocyte\Mature lymphocyte_070.jpeg,Mature lymphocyte,16.8,1.6M
add\Mature lymphocyte\Mature lymphocyte_071.jpeg,Mature lymphocyte,12,1.6M
add\Mature lymphocyte\Mature lymphocyte_072.jpeg,Mature lymphocyte,13.3,1.6M
add\Mature lymphocyte\Mature lymphocyte_073.jpeg,Mature lymphocyte,12.7,1.6M
add\Mature lymphocyte\Mature lymphocyte_074.jpeg,Mature lymphocyte,8.3,1.6M
add\Mature lymphocyte\Mature lymphocyte_075.jpeg,Mature lymphocyte,13,1.6M
add\Mature lymphocyte\Mature lymphocyte_076.jpeg,Mature lymphocyte,8,1.6M
add\Mature lymphocyte\Mature lymphocyte_077.jpeg,Mature lymphocyte,13.3,1.6M
add\Mature lymphocyte\Mature lymphocyte_078.jpeg,Mature lymphocyte,9.4,1.6M
add\Mature lymphocyte\Mature lymphocyte_079.jpeg,Mature lymphocyte,10.8,1.6M
add\Mature lymphocyte\Mature lymphocyte_080.jpeg,Mature lymphocyte,10.9,1.6M
add\Mature lymphocyte\Mature lymphocyte_081.jpeg,Mature lymphocyte,12,1.6M
add\Mature lymphocyte\Mature lymphocyte_082.jpeg,Mature lymphocyte,10.3,5M
add\Mature lymphocyte\Mature lymphocyte_083.jpeg,Mature lymphocyte,12.2,5M
add\Mature lymphocyte\Mature lymphocyte_084.jpeg,Mature lymphocyte,17.1,5M
add\Mature lymphocyte\Mature lymphocyte_085.jpeg,Mature lymphocyte,19.6,5M
add\Mature lymphocyte\Mature lymphocyte_086.jpeg,Mature lymphocyte,9.4,5M
add\Mature lymphocyte\Mature lymphocyte_087.jpeg,Mature lymphocyte,21.6,5M
add\Mature lymphocyte\Mature lymphocyte_088.jpeg,Mature lymphocyte,10.9,6M
add\Mature lymphocyte\Mature lymphocyte_089.jpeg,Mature lymphocyte,7.2,6M
add\Mature lymphocyte\Mature lymphocyte_090.jpeg,Mature lymphocyte,9.7,6M
add\Mature lymphocyte\Mature lymphocyte_091.jpeg,Mature lymphocyte,7.7,6M
add\Mature lymphocyte\Mature lymphocyte_092.jpeg,Mature lymphocyte,18.2,6M
add\Mature lymphocyte\Mature lymphocyte_093.jpeg,Mature lymphocyte,6.3,6M
add\Mature lymphocyte\Mature lymphocyte_094.jpeg,Mature lymphocyte,7.8,6M
add\Mature lymphocyte\Mature lymphocyte_095.jpeg,Mature lymphocyte,7.7,6M
add\Mature lymphocyte\Mature lymphocyte_096.jpeg,Mature lymphocyte,9.9,6M
add\Mature lymphocyte\Mature lymphocyte_097.jpeg,Mature lymphocyte,8.1,6M
add\Mature lymphocyte\Mature lymphocyte_098.jpeg,Mature lymphocyte,12.3,6M
add\Mature lymphocyte\Mature lymphocyte_099.jpeg,Mature lymphocyte,12.5,6M
add\Mature lymphocyte\Mature lymphocyte_100.jpeg,Mature lymphocyte,9.2,6M
add\Mature lymphocyte\Mature lymphocyte_101.jpeg,Mature lymphocyte,8.8,6M
add\Mature lymphocyte\Mature lymphocyte_102.jpeg,Mature lymphocyte,9.1,6M
add\Mature lymphocyte\Mature lymphocyte_103.jpeg,Mature lymphocyte,6.7,6M
add\Mature lymphocyte\Mature lymphocyte_104.jpeg,Mature lymphocyte,9.5,6M
add\Mature lymphocyte\Mature lymphocyte_105.jpeg,Mature lymphocyte,7.8,6M
add\Mature lymphocyte\Mature lymphocyte_106.jpeg,Mature lymphocyte,7.7,6M
add\Mature lymphocyte\Mature lymphocyte_107.jpeg,Mature lymphocyte,7.4,6M
add\Mature lymphocyte\Mature lymphocyte_108.jpeg,Mature lymphocyte,9.1,6M
add\Mature lymphocyte\Mature lymphocyte_109.jpeg,Mature lymphocyte,5.9,6M
add\Mature lymphocyte\Mature lymphocyte_110.jpeg,Mature lymphocyte,5.8,6M
add\Mature lymphocyte\Mature lymphocyte_111.jpeg,Mature lymphocyte,11,6M
add\Mature lymphocyte\Mature lymphocyte_112.jpeg,Mature lymphocyte,6.7,6M
add\Mature lymphocyte\Mature lymphocyte_113.jpeg,Mature lymphocyte,8.9,6M
add\Mature lymphocyte\Mature lymphocyte_114.jpeg,Mature lymphocyte,7.8,6M
add\Mature lymphocyte\Mature lymphocyte_115.jpeg,Mature lymphocyte,8.5,6M
add\Mature lymphocyte\Mature lymphocyte_116.jpeg,Mature lymphocyte,12.3,6M
add\Mature lymphocyte\Mature lymphocyte_117.jpeg,Mature lymphocyte,12.5,6M
add\Mature lymphocyte\Mature lymphocyte_118.jpeg,Mature lymphocyte,13.7,6M
add\Mature lymphocyte\Mature lymphocyte_119.jpeg,Mature lymphocyte,11.6,6M
add\Mature lymphocyte\Mature lymphocyte_120.jpeg,Mature lymphocyte,14.6,6M
add\Mature lymphocyte\Mature lymphocyte_121.jpeg,Mature lymphocyte,10.9,6M
add\Mature lymphocyte\Mature lymphocyte_122.jpeg,Mature lymphocyte,10.2,6M
add\Mature lymphocyte\Mature lymphocyte_123.jpeg,Mature lymphocyte,12.2,6M
add\Mature lymphocyte\Mature lymphocyte_124.jpeg,Mature lymphocyte,13.1,6M
add\Mature lymphocyte\Mature lymphocyte_125.jpeg,Mature lymphocyte,7.6,6M
add\Mature lymphocyte\Mature lymphocyte_126.jpeg,Mature lymphocyte,7.7,6M
add\Mature lymphocyte\Mature lymphocyte_127.jpeg,Mature lymphocyte,7.4,6M
add\Mature lymphocyte\Mature lymphocyte_128.jpeg,Mature lymphocyte,7,6M
add\Mature lymphocyte\Mature lymphocyte_129.jpeg,Mature lymphocyte,11.7,6M
add\Mature lymphocyte\Mature lymphocyte_130.jpeg,Mature lymphocyte,7.7,6M
add\Mature lymphocyte\Mature lymphocyte_131.jpeg,Mature lymphocyte,5.3,6M
add\Mature lymphocyte\Mature lymphocyte_132.jpeg,Mature lymphocyte,7.1,6M
add\Mature lymphocyte\Mature lymphocyte_133.jpeg,Mature lymphocyte,7.1,6M
add\Mature lymphocyte\Mature lymphocyte_134.jpeg,Mature lymphocyte,20.9,6M
add\Mature lymphocyte\Mature lymphocyte_135.jpeg,Mature lymphocyte,10,6M
add\Mature lymphocyte\Mature lymphocyte_136.jpeg,Mature lymphocyte,7.2,6M
add\Mature lymphocyte\Mature lymphocyte_137.jpeg,Mature lymphocyte,6.2,6M
add\Mature lymphocyte\Mature lymphocyte_138.jpeg,Mature lymphocyte,8.7,6M
add\Mature lymphocyte\Mature lymphocyte_139.jpeg,Mature lymphocyte,8.5,6M
add\Mature lymphocyte\Mature lymphocyte_140.jpeg,Mature lymphocyte,7.8,6M
add\Mature lymphocyte\Mature lymphocyte_141.jpeg,Mature lymphocyte,8.5,6M
add\Mature lymphocyte\Mature lymphocyte_142.jpeg,Mature lymphocyte,12.7,6M
add\Mature lymphocyte\Mature lymphocyte_143.jpeg,Mature lymphocyte,13.4,6M
add\Mature lymphocyte\Mature lymphocyte_144.jpeg,Mature lymphocyte,8.5,6M
add\Mature lymphocyte\Mature lymphocyte_145.jpeg,Mature lymphocyte,10.9,6M
add\Mature lymphocyte\Mature lymphocyte_146.jpeg,Mature lymphocyte,12.7,6M
add\Mature lymphocyte\Mature lymphocyte_147.jpeg,Mature lymphocyte,8.8,6M
add\Mature lymphocyte\Mature lymphocyte_148.jpeg,Mature lymphocyte,14.2,6M
add\Mature lymphocyte\Mature lymphocyte_149.jpeg,Mature lymphocyte,11.4,6M
add\Mature lymphocyte\Mature lymphocyte_150.jpeg,Mature lymphocyte,7.2,6M
add\Mature lymphocyte\Mature lymphocyte_151.jpeg,Mature lymphocyte,9.9,6M
add\Mature lymphocyte\Mature lymphocyte_152.jpeg,Mature lymphocyte,6.9,6M
add\Mature lymphocyte\Mature lymphocyte_153.jpeg,Mature lymphocyte,11.1,6M
add\Megakaryocyte\Megakaryocyte_000.jpeg,Megakaryocyte,42,5M
add\Megakaryocyte\Megakaryocyte_001.jpeg,Megakaryocyte,52.8,5M
add\Megakaryocyte\Megakaryocyte_002.jpeg,Megakaryocyte,43.6,6M
add\Megakaryocyte\Megakaryocyte_003.jpeg,Megakaryocyte,41.6,6M
add\Megakaryocyte\Megakaryocyte_004.jpeg,Megakaryocyte,17.5,6M
add\Mitosis\Mitosis_000.jpeg,Mitosis,15.5,1.6M
add\Mitosis\Mitosis_001.jpeg,Mitosis,8.9,1.6M
add\Mitosis\Mitosis_002.jpeg,Mitosis,16.1,1.6M
add\Mitosis\Mitosis_003.jpeg,Mitosis,15.8,6M
add\Mitosis\Mitosis_004.jpeg,Mitosis,15.1,6M
add\Mitosis\Mitosis_005.jpeg,Mitosis,12.4,6M
add\Mitosis\Mitosis_006.jpeg,Mitosis,14.7,6M
add\Monocyte\Monocyte_000.jpeg,Monocyte,15.8,1.6M
add\Monocyte\Monocyte_001.jpeg,Monocyte,12.7,1.6M
add\Monocyte\Monocyte_002.jpeg,Monocyte,12.8,1.6M
add\Monocyte\Monocyte_003.jpeg,Monocyte,16.3,1.6M
add\Monocyte\Monocyte_004.jpeg,Monocyte,13.5,1.6M
add\Monocyte\Monocyte_005.jpeg,Monocyte,17.1,1.6M
add\Monocyte\Monocyte_006.jpeg,Monocyte,13.8,1.6M
add\Monocyte\Monocyte_007.jpeg,Monocyte,14.9,1.6M
add\Monocyte\Monocyte_008.jpeg,Monocyte,21.2,1.6M
add\Monocyte\Monocyte_009.jpeg,Monocyte,17.4,1.6M
add\Monocyte\Monocyte_010.jpeg,Monocyte,13.5,1.6M
add\Monocyte\Monocyte_011.jpeg,Monocyte,11.6,1.6M
add\Monocyte\Monocyte_012.jpeg,Monocyte,10.5,1.6M
add\Monocyte\Monocyte_013.jpeg,Monocyte,12,1.6M
add\Monocyte\Monocyte_014.jpeg,Monocyte,13.8,1.6M
add\Monocyte\Monocyte_015.jpeg,Monocyte,12.7,1.6M
add\Monocyte\Monocyte_016.jpeg,Monocyte,13,1.6M
add\Monocyte\Monocyte_017.jpeg,Monocyte,15.2,1.6M
add\Monocyte\Monocyte_018.jpeg,Monocyte,17.7,1.6M
add\Monocyte\Monocyte_019.jpeg,Monocyte,13.9,1.6M
add\Monocyte\Monocyte_020.jpeg,Monocyte,11.9,1.6M
add\Monocyte\Monocyte_021.jpeg,Monocyte,10,1.6M
add\Monocyte\Monocyte_022.jpeg,Monocyte,13.5,1.6M
add\Monocyte\Monocyte_023.jpeg,Monocyte,16.8,5M
add\Monocyte\Monocyte_024.jpeg,Monocyte,12.6,5M
add\Monocyte\Monocyte_025.jpeg,Monocyte,11.2,5M
add\Monocyte\Monocyte_026.jpeg,Monocyte,13.6,6M
add\Monocyte\Monocyte_027.jpeg,Monocyte,11.4,6M
add\Monocyte\Monocyte_028.jpeg,Monocyte,14.6,6M
add\Monocyte\Monocyte_029.jpeg,Monocyte,14,6M
add\Monocyte\Monocyte_030.jpeg,Monocyte,13.7,6M
add\Monocyte\Monocyte_031.jpeg,Monocyte,19.6,6M
add\Monocyte\Monocyte_032.jpeg,Monocyte,15.7,6M
add\Monocyte\Monocyte_033.jpeg,Monocyte,17.9,6M
add\Monocyte\Monocyte_034.jpeg,Monocyte,13.2,6M
add\Monocyte\Monocyte_035.jpeg,Monocyte,15.4,6M
add\Monocyte\Monocyte_036.jpeg,Monocyte,18.1,6M
add\Monocyte\Monocyte_037.jpeg,Monocyte,14.1,6M
add\Monocyte\Monocyte_038.jpeg,Monocyte,15.9,6M
add\Monocyte\Monocyte_039.jpeg,Monocyte,11.6,6M
add\Monocyte\Monocyte_040.jpeg,Monocyte,11.8,6M
add\Monocyte\Monocyte_041.jpeg,Monocyte,8.7,6M
add\Monocyte\Monocyte_042.jpeg,Monocyte,20.3,6M
add\Monocyte\Monocyte_043.jpeg,Monocyte,19,6M
add\Monocyte\Monocyte_044.jpeg,Monocyte,20.4,6M
add\Monocyte\Monocyte_045.jpeg,Monocyte,18.4,6M
add\Monocyte\Monocyte_046.jpeg,Monocyte,14.6,6M
add\Monocyte\Monocyte_047.jpeg,Monocyte,18.6,6M
add\Monocyte\Monocyte_048.jpeg,Monocyte,18.7,6M
add\Monocyte\Monocyte_049.jpeg,Monocyte,16.9,6M
add\Monocyte\Monocyte_050.jpeg,Monocyte,13.7,6M
add\Monocyte\Monocyte_051.jpeg,Monocyte,20.3,6M
add\Monocyte\Monocyte_052.jpeg,Monocyte,13.3,6M
add\Myeloblast\Myeloblast_000.jpeg,Myeloblast,18.2,1.6M
add\Myeloblast\Myeloblast_001.jpeg,Myeloblast,13.8,1.6M
add\Myeloblast\Myeloblast_002.jpeg,Myeloblast,16.1,1.6M
add\Myeloblast\Myeloblast_003.jpeg,Myeloblast,20.5,1.6M
add\Myeloblast\Myeloblast_004.jpeg,Myeloblast,12.4,1.6M
add\Myeloblast\Myeloblast_005.jpeg,Myeloblast,19.1,1.6M
add\Myeloblast\Myeloblast_006.jpeg,Myeloblast,15.7,1.6M
add\Myeloblast\Myeloblast_007.jpeg,Myeloblast,15.4,1.6M
add\Myeloblast\Myeloblast_008.jpeg,Myeloblast,15.2,1.6M
add\Myeloblast\Myeloblast_009.jpeg,Myeloblast,16.3,1.6M
add\Myeloblast\Myeloblast_010.jpeg,Myeloblast,13.8,1.6M
add\Myeloblast\Myeloblast_011.jpeg,Myeloblast,14.2,1.6M
add\Myeloblast\Myeloblast_012.jpeg,Myeloblast,15.5,1.6M
add\Myeloblast\Myeloblast_013.jpeg,Myeloblast,11.9,1.6M
add\Myeloblast\Myeloblast_014.jpeg,Myeloblast,13.9,1.6M
add\Myeloblast\Myeloblast_015.jpeg,Myeloblast,17.2,1.6M
add\Myeloblast\Myeloblast_016.jpeg,Myeloblast,16.5,1.6M
add\Myeloblast\Myeloblast_017.jpeg,Myeloblast,10.9,1.6M
add\Myeloblast\Myeloblast_018.jpeg,Myeloblast,15.2,1.6M
add\Myeloblast\Myeloblast_019.jpeg,Myeloblast,14.4,1.6M
add\Myeloblast\Myeloblast_020.jpeg,Myeloblast,13.9,1.6M
add\Myeloblast\Myeloblast_021.jpeg,Myeloblast,14.6,1.6M
add\Myeloblast\Myeloblast_022.jpeg,Myeloblast,16.9,1.6M
add\Myeloblast\Myeloblast_023.jpeg,Myeloblast,11.1,1.6M
add\Myeloblast\Myeloblast_024.jpeg,Myeloblast,17.4,1.6M
add\Myeloblast\Myeloblast_025.jpeg,Myeloblast,15.4,1.6M
add\Myeloblast\Myeloblast_026.jpeg,Myeloblast,9.8,1.6M
add\Myeloblast\Myeloblast_027.jpeg,Myeloblast,11.9,1.6M
add\Myeloblast\Myeloblast_028.jpeg,Myeloblast,13.3,1.6M
add\Myeloblast\Myeloblast_029.jpeg,Myeloblast,15.7,1.6M
add\Myeloblast\Myeloblast_030.jpeg,Myeloblast,15.8,5M
add\Myeloblast\Myeloblast_031.jpeg,Myeloblast,10.7,5M
add\Myeloblast\Myeloblast_032.jpeg,Myeloblast,15.6,5M
add\Myeloblast\Myeloblast_033.jpeg,Myeloblast,15.6,5M
add\Myeloblast\Myeloblast_034.jpeg,Myeloblast,14.1,5M
add\Myeloblast\Myeloblast_035.jpeg,Myeloblast,13.8,5M
add\Myeloblast\Myeloblast_036.jpeg,Myeloblast,16.6,5M
add\Myeloblast\Myeloblast_037.jpeg,Myeloblast,14.9,5M
add\Myeloblast\Myeloblast_038.jpeg,Myeloblast,16.4,5M
add\Myeloblast\Myeloblast_039.jpeg,Myeloblast,8.3,5M
add\Myeloblast\Myeloblast_040.jpeg,Myeloblast,14.1,5M
add\Myeloblast\Myeloblast_041.jpeg,Myeloblast,8.9,5M
add\Myeloblast\Myeloblast_042.jpeg,Myeloblast,17.2,5M
add\Myeloblast\Myeloblast_043.jpeg,Myeloblast,20,5M
add\Myeloblast\Myeloblast_044.jpeg,Myeloblast,14.9,5M
add\Myeloblast\Myeloblast_045.jpeg,Myeloblast,13.6,5M
add\Myeloblast\Myeloblast_046.jpeg,Myeloblast,13.8,5M
add\Myeloblast\Myeloblast_047.jpeg,Myeloblast,13.7,5M
add\Myeloblast\Myeloblast_048.jpeg,Myeloblast,15.2,5M
add\Myeloblast\Myeloblast_049.jpeg,Myeloblast,13.4,5M
add\Myeloblast\Myeloblast_050.jpeg,Myeloblast,17,5M
add\Myeloblast\Myeloblast_051.jpeg,Myeloblast,17.2,5M
add\Myeloblast\Myeloblast_052.jpeg,Myeloblast,16.7,5M
add\Myeloblast\Myeloblast_053.jpeg,Myeloblast,18.8,5M
add\Myeloblast\Myeloblast_054.jpeg,Myeloblast,11.6,5M
add\Myeloblast\Myeloblast_055.jpeg,Myeloblast,18.2,5M
add\Myeloblast\Myeloblast_056.jpeg,Myeloblast,16.8,5M
add\Myeloblast\Myeloblast_057.jpeg,Myeloblast,14.6,5M
add\Myeloblast\Myeloblast_058.jpeg,Myeloblast,18,5M
add\Myeloblast\Myeloblast_059.jpeg,Myeloblast,11.9,5M
add\Myeloblast\Myeloblast_060.jpeg,Myeloblast,21.9,5M
add\Myeloblast\Myeloblast_061.jpeg,Myeloblast,18.1,5M
add\Myeloblast\Myeloblast_062.jpeg,Myeloblast,26.7,5M
add\Myeloblast\Myeloblast_063.jpeg,Myeloblast,15,5M
add\Myeloblast\Myeloblast_064.jpeg,Myeloblast,12.8,5M
add\Myeloblast\Myeloblast_065.jpeg,Myeloblast,13.6,5M
add\Myeloblast\Myeloblast_066.jpeg,Myeloblast,16.6,5M
add\Myeloblast\Myeloblast_067.jpeg,Myeloblast,8.5,5M
add\Myeloblast\Myeloblast_068.jpeg,Myeloblast,15,6M
add\Myeloblast\Myeloblast_069.jpeg,Myeloblast,15.1,6M
add\Myeloblast\Myeloblast_070.jpeg,Myeloblast,13.7,6M
add\Myeloblast\Myeloblast_071.jpeg,Myeloblast,14,6M
add\Myeloblast\Myeloblast_072.jpeg,Myeloblast,12.9,6M
add\Myeloblast\Myeloblast_073.jpeg,Myeloblast,10.5,6M
add\Myeloblast\Myeloblast_074.jpeg,Myeloblast,10.4,6M
add\Myeloblast\Myeloblast_075.jpeg,Myeloblast,13.8,6M
add\Myeloblast\Myeloblast_076.jpeg,Myeloblast,12.5,6M
add\Myeloblast\Myeloblast_077.jpeg,Myeloblast,16.7,6M
add\Myeloblast\Myeloblast_078.jpeg,Myeloblast,13,6M
add\Myeloblast\Myeloblast_079.jpeg,Myeloblast,10.4,6M
add\Myeloblast\Myeloblast_080.jpeg,Myeloblast,17.4,6M
add\Myeloblast\Myeloblast_081.jpeg,Myeloblast,17.4,6M
add\Myeloblast\Myeloblast_082.jpeg,Myeloblast,14,6M
add\Myeloblast\Myeloblast_083.jpeg,Myeloblast,10.6,6M
add\Myeloblast\Myeloblast_084.jpeg,Myeloblast,12,6M
add\Myeloblast\Myeloblast_085.jpeg,Myeloblast,9,6M
add\Myeloblast\Myeloblast_086.jpeg,Myeloblast,9.4,6M
add\Myeloblast\Myeloblast_087.jpeg,Myeloblast,16.8,6M
add\Myeloblast\Myeloblast_088.jpeg,Myeloblast,7.6,6M
add\Myeloblast\Myeloblast_089.jpeg,Myeloblast,9,6M
add\Myeloblast\Myeloblast_090.jpeg,Myeloblast,8.7,6M
add\Myeloblast\Myeloblast_091.jpeg,Myeloblast,9.2,6M
add\Myeloblast\Myeloblast_092.jpeg,Myeloblast,13.4,6M
add\Myeloblast\Myeloblast_093.jpeg,Myeloblast,13,6M
add\Myeloblast\Myeloblast_094.jpeg,Myeloblast,16.6,6M
add\Myeloblast\Myeloblast_095.jpeg,Myeloblast,8,6M
add\Myeloblast\Myeloblast_096.jpeg,Myeloblast,8.5,6M
add\Myeloblast\Myeloblast_097.jpeg,Myeloblast,23.2,6M
add\Myeloblast\Myeloblast_098.jpeg,Myeloblast,12.7,6M
add\Myeloblast\Myeloblast_099.jpeg,Myeloblast,11.3,6M
add\Myeloblast\Myeloblast_100.jpeg,Myeloblast,16.4,6M
add\Myeloblast\Myeloblast_101.jpeg,Myeloblast,13,6M
add\Myeloblast\Myeloblast_102.jpeg,Myeloblast,15.6,6M
add\Myeloblast\Myeloblast_103.jpeg,Myeloblast,10,6M
add\Myeloblast\Myeloblast_104.jpeg,Myeloblast,10,6M
add\Myeloblast\Myeloblast_105.jpeg,Myeloblast,15.9,6M
add\Myeloblast\Myeloblast_106.jpeg,Myeloblast,11.7,6M
add\Myeloblast\Myeloblast_107.jpeg,Myeloblast,12.5,6M
add\Myeloblast\Myeloblast_108.jpeg,Myeloblast,11.9,6M
add\Myeloblast\Myeloblast_109.jpeg,Myeloblast,11.1,6M
add\Myeloblast\Myeloblast_110.jpeg,Myeloblast,11.7,6M
add\Myeloblast\Myeloblast_111.jpeg,Myeloblast,15.9,6M
add\Myeloblast\Myeloblast_112.jpeg,Myeloblast,11.9,6M
add\Myeloblast\Myeloblast_113.jpeg,Myeloblast,12.5,6M
add\Myeloblast\Myeloblast_114.jpeg,Myeloblast,10,6M
add\Myeloblast\Myeloblast_115.jpeg,Myeloblast,24,6M
add\Myeloblast\Myeloblast_116.jpeg,Myeloblast,20.7,6M
add\Myeloblast\Myeloblast_117.jpeg,Myeloblast,19.3,6M
add\Myeloblast\Myeloblast_118.jpeg,Myeloblast,17.9,6M
add\Myeloblast\Myeloblast_119.jpeg,Myeloblast,10.3,6M
add\Myeloblast\Myeloblast_120.jpeg,Myeloblast,12.4,6M
add\Myeloblast\Myeloblast_121.jpeg,Myeloblast,17.5,6M
add\Myeloblast\Myeloblast_122.jpeg,Myeloblast,14.8,6M
add\Myeloblast\Myeloblast_123.jpeg,Myeloblast,16,6M
add\Myeloblast\Myeloblast_124.jpeg,Myeloblast,15.1,6M
add\Myeloblast\Myeloblast_125.jpeg,Myeloblast,6.9,6M
add\Myeloblast\Myeloblast_126.jpeg,Myeloblast,13.1,6M
add\Myeloblast\Myeloblast_127.jpeg,Myeloblast,10.3,6M
add\Myeloblast\Myeloblast_128.jpeg,Myeloblast,20,6M
add\Myeloblast\Myeloblast_129.jpeg,Myeloblast,17.3,6M
add\Myeloblast\Myeloblast_130.jpeg,Myeloblast,14,6M
add\Myeloblast\Myeloblast_131.jpeg,Myeloblast,10.6,6M
add\Myeloblast\Myeloblast_132.jpeg,Myeloblast,11.8,6M
add\Myeloblast\Myeloblast_133.jpeg,Myeloblast,13.8,6M
add\Myeloblast\Myeloblast_134.jpeg,Myeloblast,14.7,6M
add\Myeloblast\Myeloblast_135.jpeg,Myeloblast,15.2,6M
add\Myeloblast\Myeloblast_136.jpeg,Myeloblast,11.5,6M
add\Myeloblast\Myeloblast_137.jpeg,Myeloblast,14,6M
add\Myeloblast\Myeloblast_138.jpeg,Myeloblast,15.2,6M
add\Myeloblast\Myeloblast_139.jpeg,Myeloblast,11.9,6M
add\Myeloblast\Myeloblast_140.jpeg,Myeloblast,15.3,6M
add\Myeloblast\Myeloblast_141.jpeg,Myeloblast,12.7,6M
add\Myeloblast\Myeloblast_142.jpeg,Myeloblast,14.8,6M
add\Myeloblast\Myeloblast_143.jpeg,Myeloblast,11.9,6M
add\Myeloblast\Myeloblast_144.jpeg,Myeloblast,13.8,6M
add\Myeloblast\Myeloblast_145.jpeg,Myeloblast,14.6,6M
add\Myeloblast\Myeloblast_146.jpeg,Myeloblast,14.7,6M
add\Neutrophilic metamyelocyte\Neutrophilic metamyelocyte_000.jpeg,Neutrophilic metamyelocyte,14.7,1.6M
add\Neutrophilic metamyelocyte\Neutrophilic metamyelocyte_001.jpeg,Neutrophilic metamyelocyte,13.6,1.6M
add\Neutrophilic metamyelocyte\Neutrophilic metamyelocyte_002.jpeg,Neutrophilic metamyelocyte,14.2,1.6M
add\Neutrophilic metamyelocyte\Neutrophilic metamyelocyte_003.jpeg,Neutrophilic metamyelocyte,13,1.6M
add\Neutrophilic metamyelocyte\Neutrophilic metamyelocyte_004.jpeg,Neutrophilic metamyelocyte,11.4,1.6M
add\Neutrophilic metamyelocyte\Neutrophilic metamyelocyte_005.jpeg,Neutrophilic metamyelocyte,15.7,1.6M
add\Neutrophilic metamyelocyte\Neutrophilic metamyelocyte_006.jpeg,Neutrophilic metamyelocyte,14.7,1.6M
add\Neutrophilic metamyelocyte\Neutrophilic metamyelocyte_007.jpeg,Neutrophilic metamyelocyte,12.7,1.6M
add\Neutrophilic metamyelocyte\Neutrophilic metamyelocyte_008.jpeg,Neutrophilic metamyelocyte,13,1.6M
add\Neutrophilic metamyelocyte\Neutrophilic metamyelocyte_009.jpeg,Neutrophilic metamyelocyte,14.4,1.6M
add\Neutrophilic metamyelocyte\Neutrophilic metamyelocyte_010.jpeg,Neutrophilic metamyelocyte,13.8,1.6M
add\Neutrophilic metamyelocyte\Neutrophilic metamyelocyte_011.jpeg,Neutrophilic metamyelocyte,13.6,1.6M
add\Neutrophilic metamyelocyte\Neutrophilic metamyelocyte_012.jpeg,Neutrophilic metamyelocyte,15.2,1.6M
add\Neutrophilic metamyelocyte\Neutrophilic metamyelocyte_013.jpeg,Neutrophilic metamyelocyte,11.7,1.6M
add\Neutrophilic metamyelocyte\Neutrophilic metamyelocyte_014.jpeg,Neutrophilic metamyelocyte,11.7,1.6M
add\Neutrophilic metamyelocyte\Neutrophilic metamyelocyte_015.jpeg,Neutrophilic metamyelocyte,9.8,1.6M
add\Neutrophilic metamyelocyte\Neutrophilic metamyelocyte_016.jpeg,Neutrophilic metamyelocyte,11.1,1.6M
add\Neutrophilic metamyelocyte\Neutrophilic metamyelocyte_017.jpeg,Neutrophilic metamyelocyte,10,1.6M
add\Neutrophilic metamyelocyte\Neutrophilic metamyelocyte_018.jpeg,Neutrophilic metamyelocyte,12.4,1.6M
add\Neutrophilic metamyelocyte\Neutrophilic metamyelocyte_019.jpeg,Neutrophilic metamyelocyte,14.4,1.6M
add\Neutrophilic metamyelocyte\Neutrophilic metamyelocyte_020.jpeg,Neutrophilic metamyelocyte,10.8,1.6M
add\Neutrophilic metamyelocyte\Neutrophilic metamyelocyte_021.jpeg,Neutrophilic metamyelocyte,12.4,1.6M
add\Neutrophilic metamyelocyte\Neutrophilic metamyelocyte_022.jpeg,Neutrophilic metamyelocyte,13,1.6M
add\Neutrophilic metamyelocyte\Neutrophilic metamyelocyte_023.jpeg,Neutrophilic metamyelocyte,15.8,1.6M
add\Neutrophilic metamyelocyte\Neutrophilic metamyelocyte_024.jpeg,Neutrophilic metamyelocyte,14.9,1.6M
add\Neutrophilic metamyelocyte\Neutrophilic metamyelocyte_025.jpeg,Neutrophilic metamyelocyte,11.9,1.6M
add\Neutrophilic metamyelocyte\Neutrophilic metamyelocyte_026.jpeg,Neutrophilic metamyelocyte,13,1.6M
add\Neutrophilic metamyelocyte\Neutrophilic metamyelocyte_027.jpeg,Neutrophilic metamyelocyte,11.4,1.6M
add\Neutrophilic metamyelocyte\Neutrophilic metamyelocyte_028.jpeg,Neutrophilic metamyelocyte,11.6,1.6M
add\Neutrophilic metamyelocyte\Neutrophilic metamyelocyte_029.jpeg,Neutrophilic metamyelocyte,10.5,1.6M
add\Neutrophilic metamyelocyte\Neutrophilic metamyelocyte_030.jpeg,Neutrophilic metamyelocyte,14.9,1.6M
add\Neutrophilic metamyelocyte\Neutrophilic metamyelocyte_031.jpeg,Neutrophilic metamyelocyte,11.6,1.6M
add\Neutrophilic metamyelocyte\Neutrophilic metamyelocyte_032.jpeg,Neutrophilic metamyelocyte,10.5,1.6M
add\Neutrophilic metamyelocyte\Neutrophilic metamyelocyte_033.jpeg,Neutrophilic metamyelocyte,13.3,1.6M
add\Neutrophilic metamyelocyte\Neutrophilic metamyelocyte_034.jpeg,Neutrophilic metamyelocyte,10.2,1.6M
add\Neutrophilic metamyelocyte\Neutrophilic metamyelocyte_035.jpeg,Neutrophilic metamyelocyte,10.8,1.6M
add\Neutrophilic metamyelocyte\Neutrophilic metamyelocyte_036.jpeg,Neutrophilic metamyelocyte,10.6,1.6M
add\Neutrophilic metamyelocyte\Neutrophilic metamyelocyte_037.jpeg,Neutrophilic metamyelocyte,12.2,5M
add\Neutrophilic metamyelocyte\Neutrophilic metamyelocyte_038.jpeg,Neutrophilic metamyelocyte,17.4,5M
add\Neutrophilic metamyelocyte\Neutrophilic metamyelocyte_039.jpeg,Neutrophilic metamyelocyte,11.2,5M
add\Neutrophilic metamyelocyte\Neutrophilic metamyelocyte_040.jpeg,Neutrophilic metamyelocyte,16.5,5M
add\Neutrophilic metamyelocyte\Neutrophilic metamyelocyte_041.jpeg,Neutrophilic metamyelocyte,11.9,6M
add\Neutrophilic metamyelocyte\Neutrophilic metamyelocyte_042.jpeg,Neutrophilic metamyelocyte,11.8,6M
add\Neutrophilic metamyelocyte\Neutrophilic metamyelocyte_043.jpeg,Neutrophilic metamyelocyte,13.2,6M
add\Neutrophilic metamyelocyte\Neutrophilic metamyelocyte_044.jpeg,Neutrophilic metamyelocyte,17.5,6M
add\Neutrophilic metamyelocyte\Neutrophilic metamyelocyte_045.jpeg,Neutrophilic metamyelocyte,14.3,6M
add\Neutrophilic metamyelocyte\Neutrophilic metamyelocyte_046.jpeg,Neutrophilic metamyelocyte,11.6,6M
add\Neutrophilic metamyelocyte\Neutrophilic metamyelocyte_047.jpeg,Neutrophilic metamyelocyte,9.5,6M
add\Neutrophilic metamyelocyte\Neutrophilic metamyelocyte_048.jpeg,Neutrophilic metamyelocyte,13.7,6M
add\Neutrophilic metamyelocyte\Neutrophilic metamyelocyte_049.jpeg,Neutrophilic metamyelocyte,11.4,6M
add\Neutrophilic metamyelocyte\Neutrophilic metamyelocyte_050.jpeg,Neutrophilic metamyelocyte,12.3,6M
add\Neutrophilic metamyelocyte\Neutrophilic metamyelocyte_051.jpeg,Neutrophilic metamyelocyte,13.9,6M
add\Neutrophilic metamyelocyte\Neutrophilic metamyelocyte_052.jpeg,Neutrophilic metamyelocyte,10.9,6M
add\Neutrophilic metamyelocyte\Neutrophilic metamyelocyte_053.jpeg,Neutrophilic metamyelocyte,12.5,6M
add\Neutrophilic metamyelocyte\Neutrophilic metamyelocyte_054.jpeg,Neutrophilic metamyelocyte,10.1,6M
add\Neutrophilic metamyelocyte\Neutrophilic metamyelocyte_055.jpeg,Neutrophilic metamyelocyte,13.7,6M
add\Neutrophilic myelocyte\Neutrophilic myelocyte_000.jpeg,Neutrophilic myelocyte,15.4,1.6M
add\Neutrophilic myelocyte\Neutrophilic myelocyte_001.jpeg,Neutrophilic myelocyte,19.4,1.6M
add\Neutrophilic myelocyte\Neutrophilic myelocyte_002.jpeg,Neutrophilic myelocyte,17.7,1.6M
add\Neutrophilic myelocyte\Neutrophilic myelocyte_003.jpeg,Neutrophilic myelocyte,17.7,1.6M
add\Neutrophilic myelocyte\Neutrophilic myelocyte_004.jpeg,Neutrophilic myelocyte,16.1,1.6M
add\Neutrophilic myelocyte\Neutrophilic myelocyte_005.jpeg,Neutrophilic myelocyte,11.4,1.6M
add\Neutrophilic myelocyte\Neutrophilic myelocyte_006.jpeg,Neutrophilic myelocyte,12.4,1.6M
add\Neutrophilic myelocyte\Neutrophilic myelocyte_007.jpeg,Neutrophilic myelocyte,19,1.6M
add\Neutrophilic myelocyte\Neutrophilic myelocyte_008.jpeg,Neutrophilic myelocyte,15.8,5M
add\Neutrophilic myelocyte\Neutrophilic myelocyte_009.jpeg,Neutrophilic myelocyte,12.8,5M
add\Neutrophilic myelocyte\Neutrophilic myelocyte_010.jpeg,Neutrophilic myelocyte,16.1,5M
add\Neutrophilic myelocyte\Neutrophilic myelocyte_011.jpeg,Neutrophilic myelocyte,17,5M
add\Neutrophilic myelocyte\Neutrophilic myelocyte_012.jpeg,Neutrophilic myelocyte,17.6,5M
add\Neutrophilic myelocyte\Neutrophilic myelocyte_013.jpeg,Neutrophilic myelocyte,20.7,5M
add\Neutrophilic myelocyte\Neutrophilic myelocyte_014.jpeg,Neutrophilic myelocyte,12.4,5M
add\Neutrophilic myelocyte\Neutrophilic myelocyte_015.jpeg,Neutrophilic myelocyte,15.5,6M
add\Neutrophilic myelocyte\Neutrophilic myelocyte_016.jpeg,Neutrophilic myelocyte,16.5,6M
add\Neutrophilic myelocyte\Neutrophilic myelocyte_017.jpeg,Neutrophilic myelocyte,20.3,6M
add\Neutrophilic myelocyte\Neutrophilic myelocyte_018.jpeg,Neutrophilic myelocyte,15.2,6M
add\Neutrophilic myelocyte\Neutrophilic myelocyte_019.jpeg,Neutrophilic myelocyte,15.1,6M
add\Neutrophilic myelocyte\Neutrophilic myelocyte_020.jpeg,Neutrophilic myelocyte,16.8,6M
add\Neutrophilic myelocyte\Neutrophilic myelocyte_021.jpeg,Neutrophilic myelocyte,18.3,6M
add\Neutrophilic myelocyte\Neutrophilic myelocyte_022.jpeg,Neutrophilic myelocyte,15.2,6M
add\Neutrophilic myelocyte\Neutrophilic myelocyte_023.jpeg,Neutrophilic myelocyte,15.8,6M
add\Neutrophilic myelocyte\Neutrophilic myelocyte_024.jpeg,Neutrophilic myelocyte,17.2,6M
add\Neutrophilic myelocyte\Neutrophilic myelocyte_025.jpeg,Neutrophilic myelocyte,13.2,6M
add\Neutrophilic myelocyte\Neutrophilic myelocyte_026.jpeg,Neutrophilic myelocyte,17.8,6M
add\Neutrophilic myelocyte\Neutrophilic myelocyte_027.jpeg,Neutrophilic myelocyte,12.7,6M
add\Neutrophilic myelocyte\Neutrophilic myelocyte_028.jpeg,Neutrophilic myelocyte,14,6M
add\Neutrophilic myelocyte\Neutrophilic myelocyte_029.jpeg,Neutrophilic myelocyte,23,6M
add\Neutrophilic myelocyte\Neutrophilic myelocyte_030.jpeg,Neutrophilic myelocyte,15,6M
add\Neutrophilic myelocyte\Neutrophilic myelocyte_031.jpeg,Neutrophilic myelocyte,15.2,6M
add\Neutrophilic myelocyte\Neutrophilic myelocyte_032.jpeg,Neutrophilic myelocyte,10.9,6M
add\Neutrophilic myelocyte\Neutrophilic myelocyte_033.jpeg,Neutrophilic myelocyte,14.2,6M
add\Neutrophilic myelocyte\Neutrophilic myelocyte_034.jpeg,Neutrophilic myelocyte,15.2,6M
add\Neutrophilic myelocyte\Neutrophilic myelocyte_035.jpeg,Neutrophilic myelocyte,19.6,6M
add\Neutrophilic myelocyte\Neutrophilic myelocyte_036.jpeg,Neutrophilic myelocyte,19,6M
add\Neutrophilic myelocyte\Neutrophilic myelocyte_037.jpeg,Neutrophilic myelocyte,16.1,6M
add\Neutrophilic myelocyte\Neutrophilic myelocyte_038.jpeg,Neutrophilic myelocyte,16.5,6M
add\Neutrophilic myelocyte\Neutrophilic myelocyte_039.jpeg,Neutrophilic myelocyte,19.4,6M
add\Neutrophilic myelocyte\Neutrophilic myelocyte_040.jpeg,Neutrophilic myelocyte,15.1,6M
add\Neutrophilic myelocyte\Neutrophilic myelocyte_041.jpeg,Neutrophilic myelocyte,18.6,6M
add\Neutrophilic myelocyte\Neutrophilic myelocyte_042.jpeg,Neutrophilic myelocyte,18.6,6M
add\Neutrophilic myelocyte\Neutrophilic myelocyte_043.jpeg,Neutrophilic myelocyte,14.6,6M
add\Neutrophilic myelocyte\Neutrophilic myelocyte_044.jpeg,Neutrophilic myelocyte,18.8,6M
add\Plasma cell\Plasma cell_000.jpeg,Plasma cell,16.1,1.6M
add\Plasma cell\Plasma cell_001.jpeg,Plasma cell,13.4,5M
add\Plasma cell\Plasma cell_002.jpeg,Plasma cell,11,5M
add\Plasma cell\Plasma cell_003.jpeg,Plasma cell,12.9,5M
add\Plasma cell\Plasma cell_004.jpeg,Plasma cell,14.2,6M
add\Plasma cell\Plasma cell_005.jpeg,Plasma cell,12.4,6M
add\Plasma cell\Plasma cell_006.jpeg,Plasma cell,18.5,6M
add\Plasma cell\Plasma cell_007.jpeg,Plasma cell,21.8,6M
add\Plasma cell\Plasma cell_008.jpeg,Plasma cell,14.1,6M
add\Plasma cell\Plasma cell_009.jpeg,Plasma cell,9.6,6M
add\Plasma cell\Plasma cell_010.jpeg,Plasma cell,11.9,6M
add\Proerythroblast\Proerythroblast_000.jpeg,Proerythroblast,13.4,6M
add\Proerythroblast\Proerythroblast_001.jpeg,Proerythroblast,15,6M
add\Proerythroblast\Proerythroblast_002.jpeg,Proerythroblast,15.8,6M
add\Promyelocyte\Promyelocyte_000.jpeg,Promyelocyte,20.1,1.6M
add\Promyelocyte\Promyelocyte_001.jpeg,Promyelocyte,19.9,1.6M
add\Promyelocyte\Promyelocyte_002.jpeg,Promyelocyte,19.1,1.6M
add\Promyelocyte\Promyelocyte_003.jpeg,Promyelocyte,21.8,1.6M
add\Promyelocyte\Promyelocyte_004.jpeg,Promyelocyte,13.3,1.6M
add\Promyelocyte\Promyelocyte_005.jpeg,Promyelocyte,19.3,1.6M
add\Promyelocyte\Promyelocyte_006.jpeg,Promyelocyte,13.9,1.6M
add\Promyelocyte\Promyelocyte_007.jpeg,Promyelocyte,14.9,1.6M
add\Promyelocyte\Promyelocyte_008.jpeg,Promyelocyte,13.6,1.6M
add\Promyelocyte\Promyelocyte_009.jpeg,Promyelocyte,16.5,1.6M
add\Promyelocyte\Promyelocyte_010.jpeg,Promyelocyte,15.4,1.6M
add\Promyelocyte\Promyelocyte_011.jpeg,Promyelocyte,19.4,1.6M
add\Promyelocyte\Promyelocyte_012.jpeg,Promyelocyte,16.3,1.6M
add\Promyelocyte\Promyelocyte_013.jpeg,Promyelocyte,17.6,1.6M
add\Promyelocyte\Promyelocyte_014.jpeg,Promyelocyte,22.3,1.6M
add\Promyelocyte\Promyelocyte_015.jpeg,Promyelocyte,14.7,1.6M
add\Promyelocyte\Promyelocyte_016.jpeg,Promyelocyte,18.5,1.6M
add\Promyelocyte\Promyelocyte_017.jpeg,Promyelocyte,14.9,1.6M
add\Promyelocyte\Promyelocyte_018.jpeg,Promyelocyte,14.4,1.6M
add\Promyelocyte\Promyelocyte_019.jpeg,Promyelocyte,18.2,1.6M
add\Promyelocyte\Promyelocyte_020.jpeg,Promyelocyte,17.9,1.6M
add\Promyelocyte\Promyelocyte_021.jpeg,Promyelocyte,18.5,5M
add\Promyelocyte\Promyelocyte_022.jpeg,Promyelocyte,30.6,5M
add\Promyelocyte\Promyelocyte_023.jpeg,Promyelocyte,20.6,5M
add\Promyelocyte\Promyelocyte_024.jpeg,Promyelocyte,12.7,6M
add\Promyelocyte\Promyelocyte_025.jpeg,Promyelocyte,16.6,6M
add\Promyelocyte\Promyelocyte_026.jpeg,Promyelocyte,18.8,6M
add\Promyelocyte\Promyelocyte_027.jpeg,Promyelocyte,9.7,6M
add\Promyelocyte\Promyelocyte_028.jpeg,Promyelocyte,16.1,6M
add\Promyelocyte\Promyelocyte_029.jpeg,Promyelocyte,19.3,6M
add\Promyelocyte\Promyelocyte_030.jpeg,Promyelocyte,19.4,6M
add\Promyelocyte\Promyelocyte_031.jpeg,Promyelocyte,16.5,6M
add\Promyelocyte\Promyelocyte_032.jpeg,Promyelocyte,17.3,6M
add\Promyelocyte\Promyelocyte_033.jpeg,Promyelocyte,13,6M
add\Promyelocyte\Promyelocyte_034.jpeg,Promyelocyte,18.8,6M
add\Promyelocyte\Promyelocyte_035.jpeg,Promyelocyte,22.3,6M
add\Promyelocyte\Promyelocyte_036.jpeg,Promyelocyte,20.3,6M
add\Promyelocyte\Promyelocyte_037.jpeg,Promyelocyte,17.3,6M
add\Promyelocyte\Promyelocyte_038.jpeg,Promyelocyte,17.4,6M
add\Promyelocyte\Promyelocyte_039.jpeg,Promyelocyte,17.6,6M
add\Promyelocyte\Promyelocyte_040.jpeg,Promyelocyte,18.9,6M
add\Promyelocyte\Promyelocyte_041.jpeg,Promyelocyte,19.7,6M
add\Promyelocyte\Promyelocyte_042.jpeg,Promyelocyte,14.3,6M
add\Segmented basophil\Segmented basophil_000.jpeg,Segmented basophil,11.7,1.6M
add\Segmented basophil\Segmented basophil_001.jpeg,Segmented basophil,10.8,5M
add\Segmented eosinophil\Segmented eosinophil_000.jpeg,Segmented eosinophil,13.4,5M
add\Segmented eosinophil\Segmented eosinophil_001.jpeg,Segmented eosinophil,12.9,6M
add\Segmented eosinophil\Segmented eosinophil_002.jpeg,Segmented eosinophil,13,6M
add\Segmented eosinophil\Segmented eosinophil_003.jpeg,Segmented eosinophil,15,6M
add\Segmented neutrophil\Segmented neutrophil_000.jpeg,Segmented neutrophil,10.2,1.6M
add\Segmented neutrophil\Segmented neutrophil_001.jpeg,Segmented neutrophil,14.7,1.6M
add\Segmented neutrophil\Segmented neutrophil_002.jpeg,Segmented neutrophil,14.1,1.6M
add\Segmented neutrophil\Segmented neutrophil_003.jpeg,Segmented neutrophil,12.8,1.6M
add\Segmented neutrophil\Segmented neutrophil_004.jpeg,Segmented neutrophil,10.6,1.6M
add\Segmented neutrophil\Segmented neutrophil_005.jpeg,Segmented neutrophil,12.4,1.6M
add\Segmented neutrophil\Segmented neutrophil_006.jpeg,Segmented neutrophil,13.3,1.6M
add\Segmented neutrophil\Segmented neutrophil_007.jpeg,Segmented neutrophil,11.4,1.6M
add\Segmented neutrophil\Segmented neutrophil_008.jpeg,Segmented neutrophil,12.8,1.6M
add\Segmented neutrophil\Segmented neutrophil_009.jpeg,Segmented neutrophil,13.5,1.6M
add\Segmented neutrophil\Segmented neutrophil_010.jpeg,Segmented neutrophil,12.4,1.6M
add\Segmented neutrophil\Segmented neutrophil_011.jpeg,Segmented neutrophil,12.8,1.6M
add\Segmented neutrophil\Segmented neutrophil_012.jpeg,Segmented neutrophil,14.2,1.6M
add\Segmented neutrophil\Segmented neutrophil_013.jpeg,Segmented neutrophil,10.9,1.6M
add\Segmented neutrophil\Segmented neutrophil_014.jpeg,Segmented neutrophil,12.7,1.6M
add\Segmented neutrophil\Segmented neutrophil_015.jpeg,Segmented neutrophil,14.7,1.6M
add\Segmented neutrophil\Segmented neutrophil_016.jpeg,Segmented neutrophil,16.8,1.6M
add\Segmented neutrophil\Segmented neutrophil_017.jpeg,Segmented neutrophil,10.2,1.6M
add\Segmented neutrophil\Segmented neutrophil_018.jpeg,Segmented neutrophil,8.7,1.6M
add\Segmented neutrophil\Segmented neutrophil_019.jpeg,Segmented neutrophil,8.3,1.6M
add\Segmented neutrophil\Segmented neutrophil_020.jpeg,Segmented neutrophil,10.8,1.6M
add\Segmented neutrophil\Segmented neutrophil_021.jpeg,Segmented neutrophil,8.9,1.6M
add\Segmented neutrophil\Segmented neutrophil_022.jpeg,Segmented neutrophil,12.5,5M
add\Segmented neutrophil\Segmented neutrophil_023.jpeg,Segmented neutrophil,15.5,5M
add\Segmented neutrophil\Segmented neutrophil_024.jpeg,Segmented neutrophil,14.4,5M
add\Segmented neutrophil\Segmented neutrophil_025.jpeg,Segmented neutrophil,11.6,5M
add\Segmented neutrophil\Segmented neutrophil_026.jpeg,Segmented neutrophil,11,5M
add\Segmented neutrophil\Segmented neutrophil_027.jpeg,Segmented neutrophil,10.3,5M
add\Segmented neutrophil\Segmented neutrophil_028.jpeg,Segmented neutrophil,19.1,5M
add\Segmented neutrophil\Segmented neutrophil_029.jpeg,Segmented neutrophil,17.6,5M
add\Segmented neutrophil\Segmented neutrophil_030.jpeg,Segmented neutrophil,14.8,5M
add\Segmented neutrophil\Segmented neutrophil_031.jpeg,Segmented neutrophil,8.2,5M
add\Segmented neutrophil\Segmented neutrophil_032.jpeg,Segmented neutrophil,9.9,5M
add\Segmented neutrophil\Segmented neutrophil_033.jpeg,Segmented neutrophil,10.5,5M
add\Segmented neutrophil\Segmented neutrophil_034.jpeg,Segmented neutrophil,11.9,6M
add\Segmented neutrophil\Segmented neutrophil_035.jpeg,Segmented neutrophil,12.9,6M
add\Segmented neutrophil\Segmented neutrophil_036.jpeg,Segmented neutrophil,10.1,6M
add\Segmented neutrophil\Segmented neutrophil_037.jpeg,Segmented neutrophil,12.4,6M
add\Segmented neutrophil\Segmented neutrophil_038.jpeg,Segmented neutrophil,9,6M
add\Segmented neutrophil\Segmented neutrophil_039.jpeg,Segmented neutrophil,12.8,6M
add\Segmented neutrophil\Segmented neutrophil_040.jpeg,Segmented neutrophil,22.9,6M
add\Segmented neutrophil\Segmented neutrophil_041.jpeg,Segmented neutrophil,16.5,6M
add\Segmented neutrophil\Segmented neutrophil_042.jpeg,Segmented neutrophil,12.7,6M
add\Segmented neutrophil\Segmented neutrophil_043.jpeg,Segmented neutrophil,8.3,6M
add\Segmented neutrophil\Segmented neutrophil_044.jpeg,Segmented neutrophil,10.5,6M
add\Segmented neutrophil\Segmented neutrophil_045.jpeg,Segmented neutrophil,8.8,6M
add\Segmented neutrophil\Segmented neutrophil_046.jpeg,Segmented neutrophil,7.5,6M
add\Segmented neutrophil\Segmented neutrophil_047.jpeg,Segmented neutrophil,14.1,6M
add\Segmented neutrophil\Segmented neutrophil_048.jpeg,Segmented neutrophil,10.6,6M
add\Segmented neutrophil\Segmented neutrophil_049.jpeg,Segmented neutrophil,14.5,6M
add\Segmented neutrophil\Segmented neutrophil_050.jpeg,Segmented neutrophil,13.7,6M
add\Segmented neutrophil\Segmented neutrophil_051.jpeg,Segmented neutrophil,9.4,6M
add\Segmented neutrophil\Segmented neutrophil_052.jpeg,Segmented neutrophil,17.8,6M
add\Segmented neutrophil\Segmented neutrophil_053.jpeg,Segmented neutrophil,14.4,6M
add\Segmented neutrophil\Segmented neutrophil_054.jpeg,Segmented neutrophil,13.9,6M
add\Segmented neutrophil\Segmented neutrophil_055.jpeg,Segmented neutrophil,11.7,6M
add\Segmented neutrophil\Segmented neutrophil_056.jpeg,Segmented neutrophil,10,6M
add\Segmented neutrophil\Segmented neutrophil_057.jpeg,Segmented neutrophil,9.4,6M
add\Segmented neutrophil\Segmented neutrophil_058.jpeg,Segmented neutrophil,10.6,6M
add\Segmented neutrophil\Segmented neutrophil_059.jpeg,Segmented neutrophil,10.1,6M
add\Small megakaryocyte\Small megakaryocyte_000.jpeg,Small megakaryocyte,10.1,6M
add\Small megakaryocyte\Small megakaryocyte_001.jpeg,Small megakaryocyte,8.5,6M
add\Small megakaryocyte\Small megakaryocyte_002.jpeg,Small megakaryocyte,7.6,6M
add\Small megakaryocyte\Small megakaryocyte_003.jpeg,Small megakaryocyte,8.9,6M
add\Small megakaryocyte\Small megakaryocyte_004.jpeg,Small megakaryocyte,7.7,6M
add\Small megakaryocyte\Small megakaryocyte_005.jpeg,Small megakaryocyte,12.7,6M
add\Smudge cell\Smudge cell_000.jpeg,Smudge cell,10.2,1.6M
add\Smudge cell\Smudge cell_001.jpeg,Smudge cell,15.8,1.6M
add\Smudge cell\Smudge cell_002.jpeg,Smudge cell,17.4,1.6M
add\Smudge cell\Smudge cell_003.jpeg,Smudge cell,19.4,1.6M
add\Smudge cell\Smudge cell_004.jpeg,Smudge cell,11.1,1.6M
add\Smudge cell\Smudge cell_005.jpeg,Smudge cell,18.3,1.6M
add\Smudge cell\Smudge cell_006.jpeg,Smudge cell,16.1,1.6M
add\Smudge cell\Smudge cell_007.jpeg,Smudge cell,15.5,1.6M
add\Smudge cell\Smudge cell_008.jpeg,Smudge cell,11.6,1.6M
add\Smudge cell\Smudge cell_009.jpeg,Smudge cell,15.5,1.6M
add\Smudge cell\Smudge cell_010.jpeg,Smudge cell,11.1,1.6M
add\Smudge cell\Smudge cell_011.jpeg,Smudge cell,12.4,1.6M
add\Smudge cell\Smudge cell_012.jpeg,Smudge cell,11.9,1.6M
add\Smudge cell\Smudge cell_013.jpeg,Smudge cell,12.4,1.6M
add\Smudge cell\Smudge cell_014.jpeg,Smudge cell,10.9,1.6M
add\Smudge cell\Smudge cell_015.jpeg,Smudge cell,11.7,1.6M
add\Smudge cell\Smudge cell_016.jpeg,Smudge cell,15.8,1.6M
add\Smudge cell\Smudge cell_017.jpeg,Smudge cell,17.4,1.6M
add\Smudge cell\Smudge cell_018.jpeg,Smudge cell,16.5,1.6M
add\Smudge cell\Smudge cell_019.jpeg,Smudge cell,13,1.6M
add\Smudge cell\Smudge cell_020.jpeg,Smudge cell,12.4,1.6M
add\Smudge cell\Smudge cell_021.jpeg,Smudge cell,16.3,1.6M
add\Smudge cell\Smudge cell_022.jpeg,Smudge cell,19.4,1.6M
add\Smudge cell\Smudge cell_023.jpeg,Smudge cell,12.7,1.6M
add\Smudge cell\Smudge cell_024.jpeg,Smudge cell,14.2,1.6M
add\Smudge cell\Smudge cell_025.jpeg,Smudge cell,14.7,1.6M
add\Smudge cell\Smudge cell_026.jpeg,Smudge cell,12.2,1.6M
add\Smudge cell\Smudge cell_027.jpeg,Smudge cell,9.1,1.6M
add\Smudge cell\Smudge cell_028.jpeg,Smudge cell,12,1.6M
add\Smudge cell\Smudge cell_029.jpeg,Smudge cell,12.8,1.6M
add\Smudge cell\Smudge cell_030.jpeg,Smudge cell,10.6,1.6M
add\Smudge cell\Smudge cell_031.jpeg,Smudge cell,11.7,1.6M
add\Smudge cell\Smudge cell_032.jpeg,Smudge cell,12.5,1.6M
add\Smudge cell\Smudge cell_033.jpeg,Smudge cell,11.7,1.6M
add\Smudge cell\Smudge cell_034.jpeg,Smudge cell,11.7,1.6M
add\Smudge cell\Smudge cell_035.jpeg,Smudge cell,13.9,1.6M
add\Smudge cell\Smudge cell_036.jpeg,Smudge cell,14.6,1.6M
add\Smudge cell\Smudge cell_037.jpeg,Smudge cell,10.2,1.6M
add\Smudge cell\Smudge cell_038.jpeg,Smudge cell,15.4,1.6M
add\Smudge cell\Smudge cell_039.jpeg,Smudge cell,18.5,1.6M
add\Smudge cell\Smudge cell_040.jpeg,Smudge cell,15.7,1.6M
add\Smudge cell\Smudge cell_041.jpeg,Smudge cell,9.8,1.6M
add\Smudge cell\Smudge cell_042.jpeg,Smudge cell,12,1.6M
add\Smudge cell\Smudge cell_043.jpeg,Smudge cell,12.4,1.6M
add\Smudge cell\Smudge cell_044.jpeg,Smudge cell,12.7,1.6M
add\Smudge cell\Smudge cell_045.jpeg,Smudge cell,12.7,1.6M
add\Smudge cell\Smudge cell_046.jpeg,Smudge cell,8.3,1.6M
add\Smudge cell\Smudge cell_047.jpeg,Smudge cell,16.3,1.6M
add\Smudge cell\Smudge cell_048.jpeg,Smudge cell,10.5,1.6M
add\Smudge cell\Smudge cell_049.jpeg,Smudge cell,9.8,1.6M
add\Smudge cell\Smudge cell_050.jpeg,Smudge cell,10.8,1.6M
add\Smudge cell\Smudge cell_051.jpeg,Smudge cell,14.2,1.6M
add\Smudge cell\Smudge cell_052.jpeg,Smudge cell,14.7,1.6M
add\Smudge cell\Smudge cell_053.jpeg,Smudge cell,9.2,1.6M
add\Smudge cell\Smudge cell_054.jpeg,Smudge cell,10.9,1.6M
add\Smudge cell\Smudge cell_055.jpeg,Smudge cell,18.2,1.6M
add\Smudge cell\Smudge cell_056.jpeg,Smudge cell,14.2,1.6M
add\Smudge cell\Smudge cell_057.jpeg,Smudge cell,15.8,1.6M
add\Smudge cell\Smudge cell_058.jpeg,Smudge cell,8.5,5M
add\Smudge cell\Smudge cell_059.jpeg,Smudge cell,4.7,5M
add\Smudge cell\Smudge cell_060.jpeg,Smudge cell,7,5M
add\Smudge cell\Smudge cell_061.jpeg,Smudge cell,8.8,5M
add\Smudge cell\Smudge cell_062.jpeg,Smudge cell,13.1,5M
add\Smudge cell\Smudge cell_063.jpeg,Smudge cell,10.7,5M
add\Smudge cell\Smudge cell_064.jpeg,Smudge cell,7.7,5M
add\Smudge cell\Smudge cell_065.jpeg,Smudge cell,9.8,5M
add\Smudge cell\Smudge cell_066.jpeg,Smudge cell,11.4,5M
add\Smudge cell\Smudge cell_067.jpeg,Smudge cell,13.4,5M
add\Smudge cell\Smudge cell_068.jpeg,Smudge cell,9.1,5M
add\Smudge cell\Smudge cell_069.jpeg,Smudge cell,6.7,5M
add\Smudge cell\Smudge cell_070.jpeg,Smudge cell,7.3,5M
add\Smudge cell\Smudge cell_071.jpeg,Smudge cell,14.8,5M
add\Smudge cell\Smudge cell_072.jpeg,Smudge cell,11.2,5M
add\Smudge cell\Smudge cell_073.jpeg,Smudge cell,7.6,5M
add\Smudge cell\Smudge cell_074.jpeg,Smudge cell,5.3,5M
add\Smudge cell\Smudge cell_075.jpeg,Smudge cell,13.5,5M
add\Smudge cell\Smudge cell_076.jpeg,Smudge cell,9.1,5M
add\Smudge cell\Smudge cell_077.jpeg,Smudge cell,8.6,5M
add\Smudge cell\Smudge cell_078.jpeg,Smudge cell,8.8,5M
add\Smudge cell\Smudge cell_079.jpeg,Smudge cell,11.9,5M
add\Smudge cell\Smudge cell_080.jpeg,Smudge cell,10.9,5M
add\Smudge cell\Smudge cell_081.jpeg,Smudge cell,10,5M
add\Smudge cell\Smudge cell_082.jpeg,Smudge cell,12.9,5M
add\Smudge cell\Smudge cell_083.jpeg,Smudge cell,9.5,5M
add\Smudge cell\Smudge cell_084.jpeg,Smudge cell,10.5,5M
add\Smudge cell\Smudge cell_085.jpeg,Smudge cell,11.5,5M
add\Smudge cell\Smudge cell_086.jpeg,Smudge cell,11.2,5M
add\Smudge cell\Smudge cell_087.jpeg,Smudge cell,6.2,5M
add\Smudge cell\Smudge cell_088.jpeg,Smudge cell,14.2,5M
add\Smudge cell\Smudge cell_089.jpeg,Smudge cell,18,5M
add\Smudge cell\Smudge cell_090.jpeg,Smudge cell,10.5,5M
add\Smudge cell\Smudge cell_091.jpeg,Smudge cell,12.7,5M
add\Smudge cell\Smudge cell_092.jpeg,Smudge cell,15.6,5M
add\Smudge cell\Smudge cell_093.jpeg,Smudge cell,11,5M
add\Smudge cell\Smudge cell_094.jpeg,Smudge cell,20,5M
add\Smudge cell\Smudge cell_095.jpeg,Smudge cell,6.7,5M
add\Smudge cell\Smudge cell_096.jpeg,Smudge cell,11.9,5M
add\Smudge cell\Smudge cell_097.jpeg,Smudge cell,6.5,5M
add\Smudge cell\Smudge cell_098.jpeg,Smudge cell,11,5M
add\Smudge cell\Smudge cell_099.jpeg,Smudge cell,19.2,5M
add\Smudge cell\Smudge cell_100.jpeg,Smudge cell,16,5M
add\Smudge cell\Smudge cell_101.jpeg,Smudge cell,9.5,5M
add\Smudge cell\Smudge cell_102.jpeg,Smudge cell,17.6,5M
add\Smudge cell\Smudge cell_103.jpeg,Smudge cell,12.6,5M
add\Smudge cell\Smudge cell_104.jpeg,Smudge cell,10.4,5M
add\Smudge cell\Smudge cell_105.jpeg,Smudge cell,8,5M
add\Smudge cell\Smudge cell_106.jpeg,Smudge cell,13.8,5M
add\Smudge cell\Smudge cell_107.jpeg,Smudge cell,24.5,5M
add\Smudge cell\Smudge cell_108.jpeg,Smudge cell,17.4,5M
add\Smudge cell\Smudge cell_109.jpeg,Smudge cell,14,5M
add\Smudge cell\Smudge cell_110.jpeg,Smudge cell,7.5,5M
add\Smudge cell\Smudge cell_111.jpeg,Smudge cell,8.3,5M
add\Smudge cell\Smudge cell_112.jpeg,Smudge cell,17.6,5M
add\Smudge cell\Smudge cell_113.jpeg,Smudge cell,12.5,5M
add\Smudge cell\Smudge cell_114.jpeg,Smudge cell,7,5M
add\Smudge cell\Smudge cell_115.jpeg,Smudge cell,6.9,5M
add\Smudge cell\Smudge cell_116.jpeg,Smudge cell,8.2,5M
add\Smudge cell\Smudge cell_117.jpeg,Smudge cell,9.3,5M
add\Smudge cell\Smudge cell_118.jpeg,Smudge cell,8.6,5M
add\Smudge cell\Smudge cell_119.jpeg,Smudge cell,11,5M
add\Smudge cell\Smudge cell_120.jpeg,Smudge cell,6.6,5M
add\Smudge cell\Smudge cell_121.jpeg,Smudge cell,11.1,5M
add\Smudge cell\Smudge cell_122.jpeg,Smudge cell,7.4,5M
add\Smudge cell\Smudge cell_123.jpeg,Smudge cell,7.7,5M
add\Smudge cell\Smudge cell_124.jpeg,Smudge cell,11.7,5M
add\Smudge cell\Smudge cell_125.jpeg,Smudge cell,7.9,5M
add\Smudge cell\Smudge cell_126.jpeg,Smudge cell,9.2,5M
add\Smudge cell\Smudge cell_127.jpeg,Smudge cell,7,5M
add\Smudge cell\Smudge cell_128.jpeg,Smudge cell,14.1,5M
add\Smudge cell\Smudge cell_129.jpeg,Smudge cell,13.1,5M
add\Smudge cell\Smudge cell_130.jpeg,Smudge cell,12.2,5M
add\Smudge cell\Smudge cell_131.jpeg,Smudge cell,12.3,5M
add\Smudge cell\Smudge cell_132.jpeg,Smudge cell,12.8,5M
add\Smudge cell\Smudge cell_133.jpeg,Smudge cell,12.8,5M
add\Smudge cell\Smudge cell_134.jpeg,Smudge cell,9.8,5M
add\Smudge cell\Smudge cell_135.jpeg,Smudge cell,11.2,5M
add\Smudge cell\Smudge cell_136.jpeg,Smudge cell,12.2,5M
add\Smudge cell\Smudge cell_137.jpeg,Smudge cell,11.7,5M
add\Smudge cell\Smudge cell_138.jpeg,Smudge cell,13.8,5M
add\Smudge cell\Smudge cell_139.jpeg,Smudge cell,7.9,5M
add\Smudge cell\Smudge cell_140.jpeg,Smudge cell,12.6,5M
add\Smudge cell\Smudge cell_141.jpeg,Smudge cell,12.7,5M
add\Smudge cell\Smudge cell_142.jpeg,Smudge cell,13.5,5M
add\Smudge cell\Smudge cell_143.jpeg,Smudge cell,11.2,5M
add\Smudge cell\Smudge cell_144.jpeg,Smudge cell,8.9,6M
add\Smudge cell\Smudge cell_145.jpeg,Smudge cell,9.7,6M
add\Smudge cell\Smudge cell_146.jpeg,Smudge cell,10.4,6M
add\Smudge cell\Smudge cell_147.jpeg,Smudge cell,9.1,6M
add\Smudge cell\Smudge cell_148.jpeg,Smudge cell,10.9,6M
add\Smudge cell\Smudge cell_149.jpeg,Smudge cell,8.5,6M
add\Smudge cell\Smudge cell_150.jpeg,Smudge cell,14.4,6M
add\Smudge cell\Smudge cell_151.jpeg,Smudge cell,10.5,6M
add\Smudge cell\Smudge cell_152.jpeg,Smudge cell,11.8,6M
add\Smudge cell\Smudge cell_153.jpeg,Smudge cell,14.7,6M
add\Smudge cell\Smudge cell_154.jpeg,Smudge cell,9.7,6M
add\Smudge cell\Smudge cell_155.jpeg,Smudge cell,14.4,6M
add\Smudge cell\Smudge cell_156.jpeg,Smudge cell,12.4,6M
add\Smudge cell\Smudge cell_157.jpeg,Smudge cell,13.9,6M
add\Smudge cell\Smudge cell_158.jpeg,Smudge cell,9.5,6M
add\Smudge cell\Smudge cell_159.jpeg,Smudge cell,12.6,6M
add\Smudge cell\Smudge cell_160.jpeg,Smudge cell,15.1,6M
add\Smudge cell\Smudge cell_161.jpeg,Smudge cell,11.9,6M
add\Smudge cell\Smudge cell_162.jpeg,Smudge cell,6.7,6M
add\Smudge cell\Smudge cell_163.jpeg,Smudge cell,6.3,6M
add\Smudge cell\Smudge cell_164.jpeg,Smudge cell,14.8,6M
add\Smudge cell\Smudge cell_165.jpeg,Smudge cell,17.1,6M
add\Smudge cell\Smudge cell_166.jpeg,Smudge cell,11.9,6M
add\Smudge cell\Smudge cell_167.jpeg,Smudge cell,13.2,6M
add\Smudge cell\Smudge cell_168.jpeg,Smudge cell,7.1,6M
add\Smudge cell\Smudge cell_169.jpeg,Smudge cell,13.7,6M
add\Smudge cell\Smudge cell_170.jpeg,Smudge cell,7.3,6M
add\Smudge cell\Smudge cell_171.jpeg,Smudge cell,13.2,6M
add\Smudge cell\Smudge cell_172.jpeg,Smudge cell,18.9,6M
add\Smudge cell\Smudge cell_173.jpeg,Smudge cell,10.1,6M
add\Smudge cell\Smudge cell_174.jpeg,Smudge cell,20.3,6M
add\Smudge cell\Smudge cell_175.jpeg,Smudge cell,16,6M
add\Smudge cell\Smudge cell_176.jpeg,Smudge cell,13.7,6M
add\Smudge cell\Smudge cell_177.jpeg,Smudge cell,13.9,6M
add\Smudge cell\Smudge cell_178.jpeg,Smudge cell,16.7,6M
add\Smudge cell\Smudge cell_179.jpeg,Smudge cell,8.5,6M
add\Smudge cell\Smudge cell_180.jpeg,Smudge cell,13.1,6M
add\Smudge cell\Smudge cell_181.jpeg,Smudge cell,11.9,6M
add\Smudge cell\Smudge cell_182.jpeg,Smudge cell,16.1,6M
add\Smudge cell\Smudge cell_183.jpeg,Smudge cell,8.3,6M
add\Smudge cell\Smudge cell_184.jpeg,Smudge cell,9.6,6M
add\Smudge cell\Smudge cell_185.jpeg,Smudge cell,10.9,6M
add\Smudge cell\Smudge cell_186.jpeg,Smudge cell,8.9,6M
add\Smudge cell\Smudge cell_187.jpeg,Smudge cell,9.9,6M
add\Smudge cell\Smudge cell_188.jpeg,Smudge cell,7.7,6M
add\Smudge cell\Smudge cell_189.jpeg,Smudge cell,8.2,6M
add\Smudge cell\Smudge cell_190.jpeg,Smudge cell,9.1,6M
add\Smudge cell\Smudge cell_191.jpeg,Smudge cell,11.9,6M
add\Smudge cell\Smudge cell_192.jpeg,Smudge cell,19.2,6M
add\Smudge cell\Smudge cell_193.jpeg,Smudge cell,12.3,6M
add\Smudge cell\Smudge cell_194.jpeg,Smudge cell,15.7,6M
add\Smudge cell\Smudge cell_195.jpeg,Smudge cell,9.6,6M
add\Smudge cell\Smudge cell_196.jpeg,Smudge cell,15.7,6M
add\Smudge cell\Smudge cell_197.jpeg,Smudge cell,7.6,6M
add\Smudge cell\Smudge cell_198.jpeg,Smudge cell,18.6,6M
add\Smudge cell\Smudge cell_199.jpeg,Smudge cell,14.3,6M
add\Smudge cell\Smudge cell_200.jpeg,Smudge cell,14.4,6M
add\Smudge cell\Smudge cell_201.jpeg,Smudge cell,17.4,6M
add\Smudge cell\Smudge cell_202.jpeg,Smudge cell,12.2,6M
add\Smudge cell\Smudge cell_203.jpeg,Smudge cell,13.1,6M
add\Smudge cell\Smudge cell_204.jpeg,Smudge cell,12,6M
add\Smudge cell\Smudge cell_205.jpeg,Smudge cell,16.8,6M
add\Smudge cell\Smudge cell_206.jpeg,Smudge cell,11.8,6M
add\Smudge cell\Smudge cell_207.jpeg,Smudge cell,13.9,6M
add\Smudge cell\Smudge cell_208.jpeg,Smudge cell,13.3,6M
add\Smudge cell\Smudge cell_209.jpeg,Smudge cell,8.9,6M
add\Smudge cell\Smudge cell_210.jpeg,Smudge cell,12.2,6M
add\Smudge cell\Smudge cell_211.jpeg,Smudge cell,10.2,6M
add\Smudge cell\Smudge cell_212.jpeg,Smudge cell,10.8,6M
add\Smudge cell\Smudge cell_213.jpeg,Smudge cell,11.2,6M
add\Smudge cell\Smudge cell_214.jpeg,Smudge cell,7.3,6M
add\Smudge cell\Smudge cell_215.jpeg,Smudge cell,19.6,6M
add\Smudge cell\Smudge cell_216.jpeg,Smudge cell,8.4,6M
add\Smudge cell\Smudge cell_217.jpeg,Smudge cell,11.2,6M
add\Smudge cell\Smudge cell_218.jpeg,Smudge cell,7.2,6M
add\Smudge cell\Smudge cell_219.jpeg,Smudge cell,6.1,6M
add\Smudge cell\Smudge cell_220.jpeg,Smudge cell,11.8,6M
add\Smudge cell\Smudge cell_221.jpeg,Smudge cell,10.9,6M
add\Smudge cell\Smudge cell_222.jpeg,Smudge cell,10.6,6M
add\Smudge cell\Smudge cell_223.jpeg,Smudge cell,15,6M
add\Smudge cell\Smudge cell_224.jpeg,Smudge cell,15.3,6M
add\Smudge cell\Smudge cell_225.jpeg,Smudge cell,10.5,6M
add\Smudge cell\Smudge cell_226.jpeg,Smudge cell,11.1,6M
add\Smudge cell\Smudge cell_227.jpeg,Smudge cell,11.4,6M
add\Smudge cell\Smudge cell_228.jpeg,Smudge cell,16.1,6M
add\Smudge cell\Smudge cell_229.jpeg,Smudge cell,14.7,6M
add\Smudge cell\Smudge cell_230.jpeg,Smudge cell,15.9,6M
add\Smudge cell\Smudge cell_231.jpeg,Smudge cell,13.3,6M
add\Smudge cell\Smudge cell_232.jpeg,Smudge cell,5.3,6M
add\Smudge cell\Smudge cell_233.jpeg,Smudge cell,10.1,6M
add\Smudge cell\Smudge cell_234.jpeg,Smudge cell,14.8,6M
add\Smudge cell\Smudge cell_235.jpeg,Smudge cell,15.8,6M
add\Smudge cell\Smudge cell_236.jpeg,Smudge cell,9.6,6M
add\Smudge cell\Smudge cell_237.jpeg,Smudge cell,9.1,6M
add\Smudge cell\Smudge cell_238.jpeg,Smudge cell,7.3,6M
add\Smudge cell\Smudge cell_239.jpeg,Smudge cell,18.4,6M
add\Smudge cell\Smudge cell_240.jpeg,Smudge cell,11.6,6M
add\Smudge cell\Smudge cell_241.jpeg,Smudge cell,17.1,6M
add\Smudge cell\Smudge cell_242.jpeg,Smudge cell,17.6,6M
add\Smudge cell\Smudge cell_243.jpeg,Smudge cell,14.7,6M
add\Smudge cell\Smudge cell_244.jpeg,Smudge cell,12.7,6M
add\Smudge cell\Smudge cell_245.jpeg,Smudge cell,15.2,6M
add\Smudge cell\Smudge cell_246.jpeg,Smudge cell,12.9,6M
add\Smudge cell\Smudge cell_247.jpeg,Smudge cell,10.1,6M
add\Smudge cell\Smudge cell_248.jpeg,Smudge cell,15.3,6M
add\Smudge cell\Smudge cell_249.jpeg,Smudge cell,16.7,6M
add\Smudge cell\Smudge cell_250.jpeg,Smudge cell,21.8,6M
add\Smudge cell\Smudge cell_251.jpeg,Smudge cell,10.9,6M
add\Smudge cell\Smudge cell_252.jpeg,Smudge cell,14,6M
add\Smudge cell\Smudge cell_253.jpeg,Smudge cell,12.3,6M
add\Smudge cell\Smudge cell_254.jpeg,Smudge cell,13,6M
add\Smudge cell\Smudge cell_255.jpeg,Smudge cell,14.7,6M
add\Smudge cell\Smudge cell_256.jpeg,Smudge cell,14.1,6M
add\Smudge cell\Smudge cell_257.jpeg,Smudge cell,13.7,6M
add\Smudge cell\Smudge cell_258.jpeg,Smudge cell,11.1,6M
add\Smudge cell\Smudge cell_259.jpeg,Smudge cell,14.2,6M
add\Smudge cell\Smudge cell_260.jpeg,Smudge cell,11.9,6M
add\Smudge cell\Smudge cell_261.jpeg,Smudge cell,8.6,6M
add\Smudge cell\Smudge cell_262.jpeg,Smudge cell,10.1,6M
add\Smudge cell\Smudge cell_263.jpeg,Smudge cell,15.5,6M
add\Smudge cell\Smudge cell_264.jpeg,Smudge cell,15,6M
add\Smudge cell\Smudge cell_265.jpeg,Smudge cell,21.1,6M
add\Smudge cell\Smudge cell_266.jpeg,Smudge cell,17.8,6M
add\Smudge cell\Smudge cell_267.jpeg,Smudge cell,13.3,6M
add\Smudge cell\Smudge cell_268.jpeg,Smudge cell,9.3,6M
add\Smudge cell\Smudge cell_269.jpeg,Smudge cell,15.5,6M
add\Smudge cell\Smudge cell_270.jpeg,Smudge cell,11.1,6M
add\Smudge cell\Smudge cell_271.jpeg,Smudge cell,15,6M
add\Smudge cell\Smudge cell_272.jpeg,Smudge cell,9.5,6M
add\Smudge cell\Smudge cell_273.jpeg,Smudge cell,11.9,6M
add\Smudge cell\Smudge cell_274.jpeg,Smudge cell,10,6M
add\Smudge cell\Smudge cell_275.jpeg,Smudge cell,13.8,6M
add\Smudge cell\Smudge cell_276.jpeg,Smudge cell,6.9,6M
add\Smudge cell\Smudge cell_277.jpeg,Smudge cell,6.8,6M
add\Smudge cell\Smudge cell_278.jpeg,Smudge cell,12.9,6M
add\Smudge cell\Smudge cell_279.jpeg,Smudge cell,6.7,6M
add\Smudge cell\Smudge cell_280.jpeg,Smudge cell,7.8,6M
add\Smudge cell\Smudge cell_281.jpeg,Smudge cell,5.9,6M
add\Smudge cell\Smudge cell_282.jpeg,Smudge cell,6.4,6M
add\Smudge cell\Smudge cell_283.jpeg,Smudge cell,10,6M
add\Smudge cell\Smudge cell_284.jpeg,Smudge cell,5.7,6M
add\Smudge cell\Smudge cell_285.jpeg,Smudge cell,8.1,6M
add\Smudge cell\Smudge cell_286.jpeg,Smudge cell,8.5,6M
add\Smudge cell\Smudge cell_287.jpeg,Smudge cell,9.6,6M
add\Smudge cell\Smudge cell_288.jpeg,Smudge cell,7.2,6M
add\Smudge cell\Smudge cell_289.jpeg,Smudge cell,11.1,6M
add\Smudge cell\Smudge cell_290.jpeg,Smudge cell,6.6,6M
add\Smudge cell\Smudge cell_291.jpeg,Smudge cell,15.5,6M
add\Smudge cell\Smudge cell_292.jpeg,Smudge cell,10.8,6M
add\Smudge cell\Smudge cell_293.jpeg,Smudge cell,15.3,6M
add\Smudge cell\Smudge cell_294.jpeg,Smudge cell,9.8,6M
add\Smudge cell\Smudge cell_295.jpeg,Smudge cell,9.7,6M
add\Smudge cell\Smudge cell_296.jpeg,Smudge cell,13.2,6M
add\Smudge cell\Smudge cell_297.jpeg,Smudge cell,13.2,6M
add\Smudge cell\Smudge cell_298.jpeg,Smudge cell,6.7,6M
add\Smudge cell\Smudge cell_299.jpeg,Smudge cell,11.2,6M
add\Smudge cell\Smudge cell_300.jpeg,Smudge cell,15,6M
add\Smudge cell\Smudge cell_301.jpeg,Smudge cell,8.5,6M
add\Smudge cell\Smudge cell_302.jpeg,Smudge cell,9.7,6M
add\Smudge cell\Smudge cell_303.jpeg,Smudge cell,24.9,6M
add\Smudge cell\Smudge cell_304.jpeg,Smudge cell,9.2,6M
add\Smudge cell\Smudge cell_305.jpeg,Smudge cell,9.6,6M
add\Smudge cell\Smudge cell_306.jpeg,Smudge cell,16.1,6M
add\Smudge cell\Smudge cell_307.jpeg,Smudge cell,13.6,6M
add\Smudge cell\Smudge cell_308.jpeg,Smudge cell,16.4,6M
add\Smudge cell\Smudge cell_309.jpeg,Smudge cell,12.3,6M
add\Smudge cell\Smudge cell_310.jpeg,Smudge cell,14.3,6M
add\Smudge cell\Smudge cell_311.jpeg,Smudge cell,13.4,6M
add\Smudge cell\Smudge cell_312.jpeg,Smudge cell,18.9,6M
add\Smudge cell\Smudge cell_313.jpeg,Smudge cell,12,6M
add\Smudge cell\Smudge cell_314.jpeg,Smudge cell,12.3,6M
add\Smudge cell\Smudge cell_315.jpeg,Smudge cell,10.1,6M
add\Smudge cell\Smudge cell_316.jpeg,Smudge cell,13.3,6M
add\Smudge cell\Smudge cell_317.jpeg,Smudge cell,15.4,6M
add\Smudge cell\Smudge cell_318.jpeg,Smudge cell,13.6,6M
add\Smudge cell\Smudge cell_319.jpeg,Smudge cell,15.4,6M
add\Smudge cell\Smudge cell_320.jpeg,Smudge cell,12.2,6M
add\Smudge cell\Smudge cell_321.jpeg,Smudge cell,19.7,6M
add\Smudge cell\Smudge cell_322.jpeg,Smudge cell,13.7,6M
add\Smudge cell\Smudge cell_323.jpeg,Smudge cell,18.2,6M
add\Smudge cell\Smudge cell_324.jpeg,Smudge cell,15.5,6M
add\Smudge cell\Smudge cell_325.jpeg,Smudge cell,6.8,6M
add\Smudge cell\Smudge cell_326.jpeg,Smudge cell,8.9,6M
add\Smudge cell\Smudge cell_327.jpeg,Smudge cell,6.9,6M
add\Smudge cell\Smudge cell_328.jpeg,Smudge cell,13.3,6M
add\Smudge cell\Smudge cell_329.jpeg,Smudge cell,15.3,6M
add\Smudge cell\Smudge cell_330.jpeg,Smudge cell,15.9,6M
add\Smudge cell\Smudge cell_331.jpeg,Smudge cell,19.5,6M
add\Smudge cell\Smudge cell_332.jpeg,Smudge cell,13.3,6M
add\Smudge cell\Smudge cell_333.jpeg,Smudge cell,4.7,6M
add\Smudge cell\Smudge cell_334.jpeg,Smudge cell,13.9,6M
add\Smudge cell\Smudge cell_335.jpeg,Smudge cell,8.6,6M
add\Smudge cell\Smudge cell_336.jpeg,Smudge cell,9.5,6M
add\Smudge cell\Smudge cell_337.jpeg,Smudge cell,16.1,6M
add\Smudge cell\Smudge cell_338.jpeg,Smudge cell,22,6M
add\Smudge cell\Smudge cell_339.jpeg,Smudge cell,10,6M
add\Smudge cell\Smudge cell_340.jpeg,Smudge cell,8.5,6M
add\Smudge cell\Smudge cell_341.jpeg,Smudge cell,23.8,6M
add\Smudge cell\Smudge cell_342.jpeg,Smudge cell,10.3,6M
add\Smudge cell\Smudge cell_343.jpeg,Smudge cell,9.8,6M
add\Smudge cell\Smudge cell_344.jpeg,Smudge cell,9.6,6M
add\Smudge cell\Smudge cell_345.jpeg,Smudge cell,10.1,6M
add\Smudge cell\Smudge cell_346.jpeg,Smudge cell,14.4,6M
add\Smudge cell\Smudge cell_347.jpeg,Smudge cell,13.7,6M
add\Smudge cell\Smudge cell_348.jpeg,Smudge cell,11.8,6M
add\Smudge cell\Smudge cell_349.jpeg,Smudge cell,19.4,6M
add\Smudge cell\Smudge cell_350.jpeg,Smudge cell,10.9,6M
add\Smudge cell\Smudge cell_351.jpeg,Smudge cell,11.1,6M
add\Smudge cell\Smudge cell_352.jpeg,Smudge cell,9.5,6M
add\Smudge cell\Smudge cell_353.jpeg,Smudge cell,13.9,6M
add\Smudge cell\Smudge cell_354.jpeg,Smudge cell,20.8,6M
add\Smudge cell\Smudge cell_355.jpeg,Smudge cell,7.8,6M
add\Smudge cell\Smudge cell_356.jpeg,Smudge cell,4.9,6M
add\Smudge cell\Smudge cell_357.jpeg,Smudge cell,12.9,6M
add\Smudge cell\Smudge cell_358.jpeg,Smudge cell,10,6M
add\Smudge cell\Smudge cell_359.jpeg,Smudge cell,13.4,6M
add\Smudge cell\Smudge cell_360.jpeg,Smudge cell,5.3,6M
add\Smudge cell\Smudge cell_361.jpeg,Smudge cell,11.9,6M
add\Smudge cell\Smudge cell_362.jpeg,Smudge cell,13.7,6M
add\Smudge cell\Smudge cell_363.jpeg,Smudge cell,8.3,6M
add\Smudge cell\Smudge cell_364.jpeg,Smudge cell,5,6M
add\Smudge cell\Smudge cell_365.jpeg,Smudge cell,11.9,6M
add\Smudge cell\Smudge cell_366.jpeg,Smudge cell,10.5,6M
add\Smudge cell\Smudge cell_367.jpeg,Smudge cell,11,6M
add\Smudge cell\Smudge cell_368.jpeg,Smudge cell,15.5,6M
add\Smudge cell\Smudge cell_369.jpeg,Smudge cell,10.9,6M
add\Smudge cell\Smudge cell_370.jpeg,Smudge cell,15.6,6M
add\Smudge cell\Smudge cell_371.jpeg,Smudge cell,6.3,6M
add\Smudge cell\Smudge cell_372.jpeg,Smudge cell,7.3,6M
add\Smudge cell\Smudge cell_373.jpeg,Smudge cell,6.6,6M
add\Smudge cell\Smudge cell_374.jpeg,Smudge cell,17.6,6M
add\Smudge cell\Smudge cell_375.jpeg,Smudge cell,10.3,6M
add\Smudge cell\Smudge cell_376.jpeg,Smudge cell,11.9,6M
add\Smudge cell\Smudge cell_377.jpeg,Smudge cell,11.1,6M
add\Smudge cell\Smudge cell_378.jpeg,Smudge cell,8.4,6M
add\Smudge cell\Smudge cell_379.jpeg,Smudge cell,9,6M
add\Smudge cell\Smudge cell_380.jpeg,Smudge cell,12.4,6M
add\Smudge cell\Smudge cell_381.jpeg,Smudge cell,14.1,6M
add\Smudge cell\Smudge cell_382.jpeg,Smudge cell,10.2,6M
add\Smudge cell\Smudge cell_383.jpeg,Smudge cell,5.3,6M
add\Smudge cell\Smudge cell_384.jpeg,Smudge cell,4.9,6M
add\Smudge cell\Smudge cell_385.jpeg,Smudge cell,9.9,6M
add\Smudge cell\Smudge cell_386.jpeg,Smudge cell,12.3,6M
add\Smudge cell\Smudge cell_387.jpeg,Smudge cell,9.1,6M
add\Smudge cell\Smudge cell_388.jpeg,Smudge cell,7.4,6M
add\Smudge cell\Smudge cell_389.jpeg,Smudge cell,7.7,6M
add\Smudge cell\Smudge cell_390.jpeg,Smudge cell,11.1,6M
add\Smudge cell\Smudge cell_391.jpeg,Smudge cell,12.3,6M
add\Smudge cell\Smudge cell_392.jpeg,Smudge cell,5.4,6M
add\Smudge cell\Smudge cell_393.jpeg,Smudge cell,8.5,6M
add\Smudge cell\Smudge cell_394.jpeg,Smudge cell,10.5,6M
add\Smudge cell\Smudge cell_395.jpeg,Smudge cell,12.7,6M
add\Smudge cell\Smudge cell_396.jpeg,Smudge cell,8.1,6M
add\Smudge cell\Smudge cell_397.jpeg,Smudge cell,8,6M
add\Smudge cell\Smudge cell_398.jpeg,Smudge cell,10,6M
add\Smudge cell\Smudge cell_399.jpeg,Smudge cell,5.9,6M
add\Smudge cell\Smudge cell_400.jpeg,Smudge cell,12.6,6M
add\Smudge cell\Smudge cell_401.jpeg,Smudge cell,6.7,6M
add\Smudge cell\Smudge cell_402.jpeg,Smudge cell,10.4,6M
add\Smudge cell\Smudge cell_403.jpeg,Smudge cell,11.7,6M
add\Smudge cell\Smudge cell_404.jpeg,Smudge cell,11,6M
add\Smudge cell\Smudge cell_405.jpeg,Smudge cell,7,6M
add\Smudge cell\Smudge cell_406.jpeg,Smudge cell,6.1,6M
add\Smudge cell\Smudge cell_407.jpeg,Smudge cell,11,6M
add\Smudge cell\Smudge cell_408.jpeg,Smudge cell,5.4,6M
add\Smudge cell\Smudge cell_409.jpeg,Smudge cell,11.6,6M
add\Smudge cell\Smudge cell_410.jpeg,Smudge cell,9,6M
add\Smudge cell\Smudge cell_411.jpeg,Smudge cell,10.1,6M
add\Smudge cell\Smudge cell_412.jpeg,Smudge cell,9.1,6M
add\Smudge cell\Smudge cell_413.jpeg,Smudge cell,13.9,6M
add\Smudge cell\Smudge cell_414.jpeg,Smudge cell,8.6,6M
add\Smudge cell\Smudge cell_415.jpeg,Smudge cell,9.1,6M
add\Smudge cell\Smudge cell_416.jpeg,Smudge cell,14.6,6M
add\Smudge cell\Smudge cell_417.jpeg,Smudge cell,4.3,6M
add\Smudge cell\Smudge cell_418.jpeg,Smudge cell,7.8,6M
add\Smudge cell\Smudge cell_419.jpeg,Smudge cell,14.4,6M
add\Smudge cell\Smudge cell_420.jpeg,Smudge cell,5.3,6M
add\Smudge cell\Smudge cell_421.jpeg,Smudge cell,11.5,6M
add\Smudge cell\Smudge cell_422.jpeg,Smudge cell,22.3,6M
add\Smudge cell\Smudge cell_423.jpeg,Smudge cell,25,6M
add\Smudge cell\Smudge cell_424.jpeg,Smudge cell,7,6M
add\Smudge cell\Smudge cell_425.jpeg,Smudge cell,23.7,6M
add\Smudge cell\Smudge cell_426.jpeg,Smudge cell,12.5,6M
add\Smudge cell\Smudge cell_427.jpeg,Smudge cell,9.8,6M
add\Smudge cell\Smudge cell_428.jpeg,Smudge cell,39.1,6M
add\Smudge cell\Smudge cell_429.jpeg,Smudge cell,12.5,6M
add\Smudge cell\Smudge cell_430.jpeg,Smudge cell,10.3,6M
add\Smudge cell\Smudge cell_431.jpeg,Smudge cell,8.1,6M
add\Smudge cell\Smudge cell_432.jpeg,Smudge cell,13.3,6M
add\Smudge cell\Smudge cell_433.jpeg,Smudge cell,15,6M
add\Smudge cell\Smudge cell_434.jpeg,Smudge cell,8.3,6M
add\Smudge cell\Smudge cell_435.jpeg,Smudge cell,7.9,6M
add\Smudge cell\Smudge cell_436.jpeg,Smudge cell,16.4,6M
add\Smudge cell\Smudge cell_437.jpeg,Smudge cell,9.4,6M
add\Smudge cell\Smudge cell_438.jpeg,Smudge cell,8.1,6M
add\Smudge cell\Smudge cell_439.jpeg,Smudge cell,8.2,6M
add\Smudge cell\Smudge cell_440.jpeg,Smudge cell,6.6,6M
add\Smudge cell\Smudge cell_441.jpeg,Smudge cell,13.7,6M
add\Smudge cell\Smudge cell_442.jpeg,Smudge cell,9.4,6M
add\Smudge cell\Smudge cell_443.jpeg,Smudge cell,12,6M
add\Smudge cell\Smudge cell_444.jpeg,Smudge cell,12,6M
add\Smudge cell\Smudge cell_445.jpeg,Smudge cell,16.1,6M
add\Smudge cell\Smudge cell_446.jpeg,Smudge cell,9.5,6M
add\Smudge cell\Smudge cell_447.jpeg,Smudge cell,7.4,6M
add\Smudge cell\Smudge cell_448.jpeg,Smudge cell,10.3,6M
add\Smudge cell\Smudge cell_449.jpeg,Smudge cell,8.8,6M
add\Smudge cell\Smudge cell_450.jpeg,Smudge cell,11.7,6M
add\Smudge cell\Smudge cell_451.jpeg,Smudge cell,8.4,6M
add\Smudge cell\Smudge cell_452.jpeg,Smudge cell,9.9,6M
add\Smudge cell\Smudge cell_453.jpeg,Smudge cell,14.7,6M
add\Smudge cell\Smudge cell_454.jpeg,Smudge cell,22.6,6M
add\Smudge cell\Smudge cell_455.jpeg,Smudge cell,8.3,6M
add\Smudge cell\Smudge cell_456.jpeg,Smudge cell,9.8,6M
add\Smudge cell\Smudge cell_457.jpeg,Smudge cell,7.7,6M
add\Smudge cell\Smudge cell_458.jpeg,Smudge cell,11.4,6M
add\Smudge cell\Smudge cell_459.jpeg,Smudge cell,11.1,6M
add\Smudge cell\Smudge cell_460.jpeg,Smudge cell,11.7,6M
add\Smudge cell\Smudge cell_461.jpeg,Smudge cell,11.7,6M
add\Smudge cell\Smudge cell_462.jpeg,Smudge cell,12.2,6M
add\Smudge cell\Smudge cell_463.jpeg,Smudge cell,16.2,6M
add\Smudge cell\Smudge cell_464.jpeg,Smudge cell,14.4,6M
add\Smudge cell\Smudge cell_465.jpeg,Smudge cell,12.9,6M
add\Smudge cell\Smudge cell_466.jpeg,Smudge cell,9.9,6M
add\Smudge cell\Smudge cell_467.jpeg,Smudge cell,10.6,6M
add\Smudge cell\Smudge cell_468.jpeg,Smudge cell,7.8,6M
add\Smudge cell\Smudge cell_469.jpeg,Smudge cell,9.5,6M
add\Smudge cell\Smudge cell_470.jpeg,Smudge cell,7.4,6M
add\Smudge cell\Smudge cell_471.jpeg,Smudge cell,9.5,6M
add\Smudge cell\Smudge cell_472.jpeg,Smudge cell,7.2,6M
add\Smudge cell\Smudge cell_473.jpeg,Smudge cell,15.6,6M
add\Smudge cell\Smudge cell_474.jpeg,Smudge cell,10.2,6M
add\Smudge cell\Smudge cell_475.jpeg,Smudge cell,10.2,6M
add\Smudge cell\Smudge cell_476.jpeg,Smudge cell,14.3,6M
add\Smudge cell\Smudge cell_477.jpeg,Smudge cell,11.9,6M
add\Smudge cell\Smudge cell_478.jpeg,Smudge cell,17.5,6M
add\Smudge cell\Smudge cell_479.jpeg,Smudge cell,10.9,6M
add\Smudge cell\Smudge cell_480.jpeg,Smudge cell,8.9,6M
add\Smudge cell\Smudge cell_481.jpeg,Smudge cell,5.5,6M
add\Smudge cell\Smudge cell_482.jpeg,Smudge cell,6.7,6M
add\Smudge cell\Smudge cell_483.jpeg,Smudge cell,5,6M
add\Smudge cell\Smudge cell_484.jpeg,Smudge cell,7.8,6M
add\Smudge cell\Smudge cell_485.jpeg,Smudge cell,6.3,6M
add\Smudge cell\Smudge cell_486.jpeg,Smudge cell,14.7,6M
add\Smudge cell\Smudge cell_487.jpeg,Smudge cell,11.9,6M
add\Smudge cell\Smudge cell_488.jpeg,Smudge cell,13.8,6M
add\Smudge cell\Smudge cell_489.jpeg,Smudge cell,7.2,6M
add\Smudge cell\Smudge cell_490.jpeg,Smudge cell,9.6,6M
add\Smudge cell\Smudge cell_491.jpeg,Smudge cell,7.2,6M
add\Smudge cell\Smudge cell_492.jpeg,Smudge cell,6.6,6M
add\Smudge cell\Smudge cell_493.jpeg,Smudge cell,7.2,6M
add\Smudge cell\Smudge cell_494.jpeg,Smudge cell,15.1,6M
add\Smudge cell\Smudge cell_495.jpeg,Smudge cell,10.5,6M
add\Smudge cell\Smudge cell_496.jpeg,Smudge cell,9.6,6M
add\Smudge cell\Smudge cell_497.jpeg,Smudge cell,17.5,6M
add\Smudge cell\Smudge cell_498.jpeg,Smudge cell,10.9,6M
add\Smudge cell\Smudge cell_499.jpeg,Smudge cell,6.9,6M
add\Smudge cell\Smudge cell_500.jpeg,Smudge cell,6.9,6M
add\Smudge cell\Smudge cell_501.jpeg,Smudge cell,7.4,6M
add\Smudge cell\Smudge cell_502.jpeg,Smudge cell,10.2,6M
add\Smudge cell\Smudge cell_503.jpeg,Smudge cell,7.2,6M
add\Smudge cell\Smudge cell_504.jpeg,Smudge cell,15.7,6M
add\Smudge cell\Smudge cell_505.jpeg,Smudge cell,7.3,6M
add\Smudge cell\Smudge cell_506.jpeg,Smudge cell,9.7,6M
add\Smudge cell\Smudge cell_507.jpeg,Smudge cell,13.7,6M
add\Smudge cell\Smudge cell_508.jpeg,Smudge cell,13.7,6M
add\Smudge cell\Smudge cell_509.jpeg,Smudge cell,14.3,6M
add\Smudge cell\Smudge cell_510.jpeg,Smudge cell,6.3,6M
add\Smudge cell\Smudge cell_511.jpeg,Smudge cell,9.6,6M
add\Smudge cell\Smudge cell_512.jpeg,Smudge cell,14.5,6M
add\Smudge cell\Smudge cell_513.jpeg,Smudge cell,16.5,6M
add\Smudge cell\Smudge cell_514.jpeg,Smudge cell,8.4,6M
add\Smudge cell\Smudge cell_515.jpeg,Smudge cell,7.5,6M
add\Smudge cell\Smudge cell_516.jpeg,Smudge cell,8.6,6M
add\Smudge cell\Smudge cell_517.jpeg,Smudge cell,6.4,6M
add\Smudge cell\Smudge cell_518.jpeg,Smudge cell,8.8,6M
add\Smudge cell\Smudge cell_519.jpeg,Smudge cell,14.3,6M
add\Smudge cell\Smudge cell_520.jpeg,Smudge cell,9.4,6M
add\Smudge cell\Smudge cell_521.jpeg,Smudge cell,12.9,6M
add\Smudge cell\Smudge cell_522.jpeg,Smudge cell,11,6M
add\Smudge cell\Smudge cell_523.jpeg,Smudge cell,14.1,6M
add\Smudge cell\Smudge cell_524.jpeg,Smudge cell,10.2,6M
add\Smudge cell\Smudge cell_525.jpeg,Smudge cell,6.3,6M
add\Smudge cell\Smudge cell_526.jpeg,Smudge cell,12,6M
add\Smudge cell\Smudge cell_527.jpeg,Smudge cell,12.6,6M
add\Smudge cell\Smudge cell_528.jpeg,Smudge cell,13.1,6M
add\Smudge cell\Smudge cell_529.jpeg,Smudge cell,12.9,6M
add\Smudge cell\Smudge cell_530.jpeg,Smudge cell,22.2,6M
add\Smudge cell\Smudge cell_531.jpeg,Smudge cell,9.8,6M
add\Smudge cell\Smudge cell_532.jpeg,Smudge cell,18.2,6M
add\Smudge cell\Smudge cell_533.jpeg,Smudge cell,14,6M
add\Smudge cell\Smudge cell_534.jpeg,Smudge cell,9.7,6M
add\Smudge cell\Smudge cell_535.jpeg,Smudge cell,14.8,6M
add\Smudge cell\Smudge cell_536.jpeg,Smudge cell,13,6M
add\Smudge cell\Smudge cell_537.jpeg,Smudge cell,11,6M
add\Smudge cell\Smudge cell_538.jpeg,Smudge cell,17,6M
add\Smudge cell\Smudge cell_539.jpeg,Smudge cell,13.6,6M
add\Smudge cell\Smudge cell_540.jpeg,Smudge cell,5.3,6M
add\Smudge cell\Smudge cell_541.jpeg,Smudge cell,17,6M
add\Smudge cell\Smudge cell_542.jpeg,Smudge cell,13.3,6M
add\Smudge cell\Smudge cell_543.jpeg,Smudge cell,14.5,6M
add\Smudge cell\Smudge cell_544.jpeg,Smudge cell,10.1,6M
add\Smudge cell\Smudge cell_545.jpeg,Smudge cell,13.2,6M
add\Smudge cell\Smudge cell_546.jpeg,Smudge cell,7,6M
add\Smudge cell\Smudge cell_547.jpeg,Smudge cell,6,6M
add\Smudge cell\Smudge cell_548.jpeg,Smudge cell,9.7,6M
add\Smudge cell\Smudge cell_549.jpeg,Smudge cell,13.1,6M
add\Smudge cell\Smudge cell_550.jpeg,Smudge cell,5.6,6M
add\Smudge cell\Smudge cell_551.jpeg,Smudge cell,7.6,6M
add\Smudge cell\Smudge cell_552.jpeg,Smudge cell,4.2,6M
add\Smudge cell\Smudge cell_553.jpeg,Smudge cell,12,6M
add\Smudge cell\Smudge cell_554.jpeg,Smudge cell,8.1,6M
add\Smudge cell\Smudge cell_555.jpeg,Smudge cell,10.3,6M
add\Smudge cell\Smudge cell_556.jpeg,Smudge cell,7.4,6M
add\Smudge cell\Smudge cell_557.jpeg,Smudge cell,12.4,6M
add\Smudge cell\Smudge cell_558.jpeg,Smudge cell,13,6M
add\Smudge cell\Smudge cell_559.jpeg,Smudge cell,15.2,6M
add\Smudge cell\Smudge cell_560.jpeg,Smudge cell,9.5,6M
add\Smudge cell\Smudge cell_561.jpeg,Smudge cell,20,6M
add\Smudge cell\Smudge cell_562.jpeg,Smudge cell,4.4,6M
add\Smudge cell\Smudge cell_563.jpeg,Smudge cell,3.9,6M
add\Smudge cell\Smudge cell_564.jpeg,Smudge cell,14.1,6M
add\Smudge cell\Smudge cell_565.jpeg,Smudge cell,6.7,6M
add\Smudge cell\Smudge cell_566.jpeg,Smudge cell,8,6M
add\Smudge cell\Smudge cell_567.jpeg,Smudge cell,13,6M
add\Smudge cell\Smudge cell_568.jpeg,Smudge cell,10.5,6M
add\Smudge cell\Smudge cell_569.jpeg,Smudge cell,15.3,6M
add\Smudge cell\Smudge cell_570.jpeg,Smudge cell,17.9,6M
add\Smudge cell\Smudge cell_571.jpeg,Smudge cell,11.6,6M
add\Smudge cell\Smudge cell_572.jpeg,Smudge cell,8.4,6M
add\Smudge cell\Smudge cell_573.jpeg,Smudge cell,11.8,6M
add\Smudge cell\Smudge cell_574.jpeg,Smudge cell,11.4,6M
add\Smudge cell\Smudge cell_575.jpeg,Smudge cell,21.8,6M
add\Smudge cell\Smudge cell_576.jpeg,Smudge cell,16.4,6M
add\Smudge cell\Smudge cell_577.jpeg,Smudge cell,13,6M
add\Smudge cell\Smudge cell_578.jpeg,Smudge cell,17.6,6M
add\Smudge cell\Smudge cell_579.jpeg,Smudge cell,11.9,6M
add\Smudge cell\Smudge cell_580.jpeg,Smudge cell,12.7,6M
add\Smudge cell\Smudge cell_581.jpeg,Smudge cell,12.5,6M
add\Smudge cell\Smudge cell_582.jpeg,Smudge cell,21.1,6M
add\Smudge cell\Smudge cell_583.jpeg,Smudge cell,13.9,6M
add\Smudge cell\Smudge cell_584.jpeg,Smudge cell,17.3,6M
add\Smudge cell\Smudge cell_585.jpeg,Smudge cell,14.6,6M
add\Smudge cell\Smudge cell_586.jpeg,Smudge cell,14.8,6M
add\Smudge cell\Smudge cell_587.jpeg,Smudge cell,14,6M
add\Smudge cell\Smudge cell_588.jpeg,Smudge cell,14.7,6M
add\Smudge cell\Smudge cell_589.jpeg,Smudge cell,12,6M
add\Smudge cell\Smudge cell_590.jpeg,Smudge cell,5.3,6M
add\Smudge cell\Smudge cell_591.jpeg,Smudge cell,5.3,6M
add\Smudge cell\Smudge cell_592.jpeg,Smudge cell,4.4,6M
add\Smudge cell\Smudge cell_593.jpeg,Smudge cell,5.5,6M
add\Smudge cell\Smudge cell_594.jpeg,Smudge cell,4.3,6M
add\Smudge cell\Smudge cell_595.jpeg,Smudge cell,12.2,6M
add\Smudge cell\Smudge cell_596.jpeg,Smudge cell,5,6M
add\Smudge cell\Smudge cell_597.jpeg,Smudge cell,5.7,6M
add\Smudge cell\Smudge cell_598.jpeg,Smudge cell,5.5,6M
add\Smudge cell\Smudge cell_599.jpeg,Smudge cell,10,6M
add\Smudge cell\Smudge cell_600.jpeg,Smudge cell,13.2,6M
add\Smudge cell\Smudge cell_601.jpeg,Smudge cell,8.1,6M
add\Smudge cell\Smudge cell_602.jpeg,Smudge cell,8.7,6M
add\Smudge cell\Smudge cell_603.jpeg,Smudge cell,12.9,6M
add\Smudge cell\Smudge cell_604.jpeg,Smudge cell,9.1,6M
add\Smudge cell\Smudge cell_605.jpeg,Smudge cell,9.1,6M
add\Smudge cell\Smudge cell_606.jpeg,Smudge cell,7.8,6M
add\Smudge cell\Smudge cell_607.jpeg,Smudge cell,9.7,6M
add\Smudge cell\Smudge cell_608.jpeg,Smudge cell,10.1,6M
add\Smudge cell\Smudge cell_609.jpeg,Smudge cell,11.7,6M
add\Smudge cell\Smudge cell_610.jpeg,Smudge cell,11.9,6M
add\Smudge cell\Smudge cell_611.jpeg,Smudge cell,3.5,6M
add\Smudge cell\Smudge cell_612.jpeg,Smudge cell,8.4,6M
add\Smudge cell\Smudge cell_613.jpeg,Smudge cell,9.9,6M
add\Smudge cell\Smudge cell_614.jpeg,Smudge cell,4.9,6M
add\Smudge cell\Smudge cell_615.jpeg,Smudge cell,10.9,6M
add\Smudge cell\Smudge cell_616.jpeg,Smudge cell,10.3,6M
add\Smudge cell\Smudge cell_617.jpeg,Smudge cell,11.2,6M
add\Smudge cell\Smudge cell_618.jpeg,Smudge cell,6,6M
add\Smudge cell\Smudge cell_619.jpeg,Smudge cell,10.5,6M
add\Smudge cell\Smudge cell_620.jpeg,Smudge cell,13.7,6M
add\Smudge cell\Smudge cell_621.jpeg,Smudge cell,15.1,6M
add\Smudge cell\Smudge cell_622.jpeg,Smudge cell,10,6M
add\Smudge cell\Smudge cell_623.jpeg,Smudge cell,14.7,6M
add\Smudge cell\Smudge cell_624.jpeg,Smudge cell,12,6M
add\Smudge cell\Smudge cell_625.jpeg,Smudge cell,13.7,6M
add\Smudge cell\Smudge cell_626.jpeg,Smudge cell,9.9,6M
add\Smudge cell\Smudge cell_627.jpeg,Smudge cell,10.2,6M
add\Smudge cell\Smudge cell_628.jpeg,Smudge cell,14.7,6M
add\Smudge cell\Smudge cell_629.jpeg,Smudge cell,13,6M
add\Smudge cell\Smudge cell_630.jpeg,Smudge cell,13.3,6M
add\Smudge cell\Smudge cell_631.jpeg,Smudge cell,12.8,6M
add\Smudge cell\Smudge cell_632.jpeg,Smudge cell,10.7,6M
add\Smudge cell\Smudge cell_633.jpeg,Smudge cell,8.9,6M
add\Smudge cell\Smudge cell_634.jpeg,Smudge cell,9.6,6M
add\Smudge cell\Smudge cell_635.jpeg,Smudge cell,9.9,6M
add\Smudge cell\Smudge cell_636.jpeg,Smudge cell,13.1,6M
add\Smudge cell\Smudge cell_637.jpeg,Smudge cell,12.9,6M
add\Smudge cell\Smudge cell_638.jpeg,Smudge cell,12.5,6M
add\Smudge cell\Smudge cell_639.jpeg,Smudge cell,15.4,6M
add\Smudge cell\Smudge cell_640.jpeg,Smudge cell,10.5,6M
add\Smudge cell\Smudge cell_641.jpeg,Smudge cell,14.7,6M
add\Smudge cell\Smudge cell_642.jpeg,Smudge cell,10.3,6M
add\Smudge cell\Smudge cell_643.jpeg,Smudge cell,14.3,6M
add\Smudge cell\Smudge cell_644.jpeg,Smudge cell,10.6,6M
add\Smudge cell\Smudge cell_645.jpeg,Smudge cell,10,6M
add\Smudge cell\Smudge cell_646.jpeg,Smudge cell,9.6,6M
add\Smudge cell\Smudge cell_647.jpeg,Smudge cell,9.5,6M
add\Smudge cell\Smudge cell_648.jpeg,Smudge cell,11.3,6M
add\Smudge cell\Smudge cell_649.jpeg,Smudge cell,13.9,6M
add\Smudge cell\Smudge cell_650.jpeg,Smudge cell,14.8,6M
add\Smudge cell\Smudge cell_651.jpeg,Smudge cell,9.5,6M
add\Smudge cell\Smudge cell_652.jpeg,Smudge cell,9.1,6M
add\Smudge cell\Smudge cell_653.jpeg,Smudge cell,12.6,6M
add\Smudge cell\Smudge cell_654.jpeg,Smudge cell,10.9,6M
add\Smudge cell\Smudge cell_655.jpeg,Smudge cell,9.2,6M
add\Smudge cell\Smudge cell_656.jpeg,Smudge cell,4.2,6M
add\Smudge cell\Smudge cell_657.jpeg,Smudge cell,12.4,6M
add\Smudge cell\Smudge cell_658.jpeg,Smudge cell,9.1,6M
add\Smudge cell\Smudge cell_659.jpeg,Smudge cell,4.5,6M
add\Smudge cell\Smudge cell_660.jpeg,Smudge cell,4.8,6M
add\Smudge cell\Smudge cell_661.jpeg,Smudge cell,7,6M
add\Smudge cell\Smudge cell_662.jpeg,Smudge cell,7.6,6M
add\Smudge cell\Smudge cell_663.jpeg,Smudge cell,14.3,6M
add\Smudge cell\Smudge cell_664.jpeg,Smudge cell,6.4,6M
add\Smudge cell\Smudge cell_665.jpeg,Smudge cell,11.6,6M
add\Smudge cell\Smudge cell_666.jpeg,Smudge cell,8.1,6M
add\Smudge cell\Smudge cell_667.jpeg,Smudge cell,6.7,6M
add\Smudge cell\Smudge cell_668.jpeg,Smudge cell,9.7,6M
add\Smudge cell\Smudge cell_669.jpeg,Smudge cell,13.7,6M
add\Smudge cell\Smudge cell_670.jpeg,Smudge cell,4.5,6M
add\Smudge cell\Smudge cell_671.jpeg,Smudge cell,17.5,6M
add\Smudge cell\Smudge cell_672.jpeg,Smudge cell,9.1,6M
add\Smudge cell\Smudge cell_673.jpeg,Smudge cell,6.8,6M
add\Smudge cell\Smudge cell_674.jpeg,Smudge cell,9.5,6M
add\Smudge cell\Smudge cell_675.jpeg,Smudge cell,9.1,6M
add\Smudge cell\Smudge cell_676.jpeg,Smudge cell,13.3,6M
add\Smudge cell\Smudge cell_677.jpeg,Smudge cell,18.2,6M
add\Smudge cell\Smudge cell_678.jpeg,Smudge cell,14.8,6M
add\Smudge cell\Smudge cell_679.jpeg,Smudge cell,7.6,6M
add\Smudge cell\Smudge cell_680.jpeg,Smudge cell,13,6M
add\Smudge cell\Smudge cell_681.jpeg,Smudge cell,16.1,6M
add\Smudge cell\Smudge cell_682.jpeg,Smudge cell,11.5,6M
add\Smudge cell\Smudge cell_683.jpeg,Smudge cell,16.5,6M
add\Smudge cell\Smudge cell_684.jpeg,Smudge cell,9.4,6M
add\Smudge cell\Smudge cell_685.jpeg,Smudge cell,10.2,6M
add\Smudge cell\Smudge cell_686.jpeg,Smudge cell,9.5,6M
add\Smudge cell\Smudge cell_687.jpeg,Smudge cell,11.9,6M
add\Smudge cell\Smudge cell_688.jpeg,Smudge cell,15.9,6M
add\Smudge cell\Smudge cell_689.jpeg,Smudge cell,15.5,6M
add\Smudge cell\Smudge cell_690.jpeg,Smudge cell,8.2,6M
add\Smudge cell\Smudge cell_691.jpeg,Smudge cell,14,6M
add\Smudge cell\Smudge cell_692.jpeg,Smudge cell,9.4,6M
add\Smudge cell\Smudge cell_693.jpeg,Smudge cell,13.7,6M
add\Smudge cell\Smudge cell_694.jpeg,Smudge cell,8.1,6M
add\Smudge cell\Smudge cell_695.jpeg,Smudge cell,14.7,6M
add\Smudge cell\Smudge cell_696.jpeg,Smudge cell,10.6,6M
add\Smudge cell\Smudge cell_697.jpeg,Smudge cell,15.2,6M
add\Smudge cell\Smudge cell_698.jpeg,Smudge cell,17,6M
add\Smudge cell\Smudge cell_699.jpeg,Smudge cell,14.1,6M
add\Smudge cell\Smudge cell_700.jpeg,Smudge cell,11.9,6M
add\Smudge cell\Smudge cell_701.jpeg,Smudge cell,10.3,6M
add\Smudge cell\Smudge cell_702.jpeg,Smudge cell,10.3,6M
add\Smudge cell\Smudge cell_703.jpeg,Smudge cell,6.7,6M
add\Smudge cell\Smudge cell_704.jpeg,Smudge cell,8.6,6M
add\Smudge cell\Smudge cell_705.jpeg,Smudge cell,8.6,6M
add\Smudge cell\Smudge cell_706.jpeg,Smudge cell,15.1,6M
add\Smudge cell\Smudge cell_707.jpeg,Smudge cell,10.5,6M
add\Smudge cell\Smudge cell_708.jpeg,Smudge cell,9.5,6M
add\Smudge cell\Smudge cell_709.jpeg,Smudge cell,14.4,6M
add\Smudge cell\Smudge cell_710.jpeg,Smudge cell,9.4,6M
add\Smudge cell\Smudge cell_711.jpeg,Smudge cell,11.8,6M
add\Smudge cell\Smudge cell_712.jpeg,Smudge cell,9.7,6M
add\Smudge cell\Smudge cell_713.jpeg,Smudge cell,11.1,6M
add\Smudge cell\Smudge cell_714.jpeg,Smudge cell,10.5,6M
add\Smudge cell\Smudge cell_715.jpeg,Smudge cell,11.9,6M
add\Smudge cell\Smudge cell_716.jpeg,Smudge cell,6.9,6M
add\Smudge cell\Smudge cell_717.jpeg,Smudge cell,9.8,6M
add\Smudge cell\Smudge cell_718.jpeg,Smudge cell,5.3,6M
add\Smudge cell\Smudge cell_719.jpeg,Smudge cell,11.7,6M
add\Smudge cell\Smudge cell_720.jpeg,Smudge cell,12,6M
add\Smudge cell\Smudge cell_721.jpeg,Smudge cell,12.2,6M
add\Smudge cell\Smudge cell_722.jpeg,Smudge cell,13,6M
add\Smudge cell\Smudge cell_723.jpeg,Smudge cell,9.8,6M
add\Smudge cell\Smudge cell_724.jpeg,Smudge cell,14.7,6M
add\Smudge cell\Smudge cell_725.jpeg,Smudge cell,11.9,6M
add\Smudge cell\Smudge cell_726.jpeg,Smudge cell,10.4,6M
add\Smudge cell\Smudge cell_727.jpeg,Smudge cell,16.1,6M
add\Smudge cell\Smudge cell_728.jpeg,Smudge cell,19.4,6M
add\Smudge cell\Smudge cell_729.jpeg,Smudge cell,8.1,6M
add\Smudge cell\Smudge cell_730.jpeg,Smudge cell,11.2,6M
add\Smudge cell\Smudge cell_731.jpeg,Smudge cell,7.7,6M
add\Smudge cell\Smudge cell_732.jpeg,Smudge cell,12.3,6M
add\Smudge cell\Smudge cell_733.jpeg,Smudge cell,19.5,6M
add\Smudge cell\Smudge cell_734.jpeg,Smudge cell,6.3,6M
add\Smudge cell\Smudge cell_735.jpeg,Smudge cell,11.3,6M
add\Smudge cell\Smudge cell_736.jpeg,Smudge cell,7.2,6M
add\Smudge cell\Smudge cell_737.jpeg,Smudge cell,16.9,6M
add\Smudge cell\Smudge cell_738.jpeg,Smudge cell,7.1,6M
add\Smudge cell\Smudge cell_739.jpeg,Smudge cell,7.6,6M
add\Smudge cell\Smudge cell_740.jpeg,Smudge cell,6.3,6M
add\Smudge cell\Smudge cell_741.jpeg,Smudge cell,7.8,6M
add\Smudge cell\Smudge cell_742.jpeg,Smudge cell,9.1,6M
add\Smudge cell\Smudge cell_743.jpeg,Smudge cell,10.1,6M
add\Smudge cell\Smudge cell_744.jpeg,Smudge cell,4.6,6M
add\Smudge cell\Smudge cell_745.jpeg,Smudge cell,13.9,6M
add\Smudge cell\Smudge cell_746.jpeg,Smudge cell,7.2,6M
add\Smudge cell\Smudge cell_747.jpeg,Smudge cell,11,6M
add\Smudge cell\Smudge cell_748.jpeg,Smudge cell,13.1,6M
add\Smudge cell\Smudge cell_749.jpeg,Smudge cell,12.8,6M
add\Smudge cell\Smudge cell_750.jpeg,Smudge cell,7.6,6M
add\Smudge cell\Smudge cell_751.jpeg,Smudge cell,13.7,6M
add\Smudge cell\Smudge cell_752.jpeg,Smudge cell,12.2,6M
add\Smudge cell\Smudge cell_753.jpeg,Smudge cell,8.5,6M
add\Smudge cell\Smudge cell_754.jpeg,Smudge cell,8.7,6M
add\Smudge cell\Smudge cell_755.jpeg,Smudge cell,8.3,6M
add\Smudge cell\Smudge cell_756.jpeg,Smudge cell,5.9,6M
add\Smudge cell\Smudge cell_757.jpeg,Smudge cell,10.4,6M
add\Smudge cell\Smudge cell_758.jpeg,Smudge cell,11.1,6M
add\Smudge cell\Smudge cell_759.jpeg,Smudge cell,13.1,6M
add\Smudge cell\Smudge cell_760.jpeg,Smudge cell,11.5,6M
add\Smudge cell\Smudge cell_761.jpeg,Smudge cell,13.8,6M
add\Smudge cell\Smudge cell_762.jpeg,Smudge cell,11.3,6M
add\Smudge cell\Smudge cell_763.jpeg,Smudge cell,10.9,6M
add\Smudge cell\Smudge cell_764.jpeg,Smudge cell,5.4,6M
add\Smudge cell\Smudge cell_765.jpeg,Smudge cell,11.9,6M
add\Smudge cell\Smudge cell_766.jpeg,Smudge cell,9.9,6M
add\Smudge cell\Smudge cell_767.jpeg,Smudge cell,11.3,6M
add\Smudge cell\Smudge cell_768.jpeg,Smudge cell,11.2,6M
add\Smudge cell\Smudge cell_769.jpeg,Smudge cell,6.1,6M
add\Smudge cell\Smudge cell_770.jpeg,Smudge cell,8,6M
add\Smudge cell\Smudge cell_771.jpeg,Smudge cell,9.1,6M
add\Smudge cell\Smudge cell_772.jpeg,Smudge cell,8.8,6M
add\Smudge cell\Smudge cell_773.jpeg,Smudge cell,13.7,6M
add\Smudge cell\Smudge cell_774.jpeg,Smudge cell,9.1,6M
add\Smudge cell\Smudge cell_775.jpeg,Smudge cell,8,6M
add\Smudge cell\Smudge cell_776.jpeg,Smudge cell,15.3,6M
add\Smudge cell\Smudge cell_777.jpeg,Smudge cell,8.7,6M
add\Smudge cell\Smudge cell_778.jpeg,Smudge cell,9,6M
add\Smudge cell\Smudge cell_779.jpeg,Smudge cell,6.1,6M
add\Smudge cell\Smudge cell_780.jpeg,Smudge cell,5.9,6M
add\Smudge cell\Smudge cell_781.jpeg,Smudge cell,12,6M
add\Smudge cell\Smudge cell_782.jpeg,Smudge cell,13.6,6M
add\Smudge cell\Smudge cell_783.jpeg,Smudge cell,5.7,6M
add\Smudge cell\Smudge cell_784.jpeg,Smudge cell,17.5,6M
add\Smudge cell\Smudge cell_785.jpeg,Smudge cell,12.4,6M
add\Smudge cell\Smudge cell_786.jpeg,Smudge cell,17,6M
add\Smudge cell\Smudge cell_787.jpeg,Smudge cell,15.7,6M
add\Smudge cell\Smudge cell_788.jpeg,Smudge cell,10.9,6M
add\Smudge cell\Smudge cell_789.jpeg,Smudge cell,7.1,6M
add\Smudge cell\Smudge cell_790.jpeg,Smudge cell,17.8,6M
add\Smudge cell\Smudge cell_791.jpeg,Smudge cell,12.9,6M
add\Smudge cell\Smudge cell_792.jpeg,Smudge cell,14.1,6M
add\Smudge cell\Smudge cell_793.jpeg,Smudge cell,12.6,6M
add\Smudge cell\Smudge cell_794.jpeg,Smudge cell,12.7,6M
add\Smudge cell\Smudge cell_795.jpeg,Smudge cell,4.7,6M
add\Smudge cell\Smudge cell_796.jpeg,Smudge cell,19.3,6M
add\Smudge cell\Smudge cell_797.jpeg,Smudge cell,15.7,6M
add\Smudge cell\Smudge cell_798.jpeg,Smudge cell,4.2,6M
add\Smudge cell\Smudge cell_799.jpeg,Smudge cell,9.5,6M
add\Smudge cell\Smudge cell_800.jpeg,Smudge cell,19.9,6M
add\Smudge cell\Smudge cell_801.jpeg,Smudge cell,13.4,6M
add\Smudge cell\Smudge cell_802.jpeg,Smudge cell,13.9,6M
add\Smudge cell\Smudge cell_803.jpeg,Smudge cell,13.6,6M
add\Smudge cell\Smudge cell_804.jpeg,Smudge cell,12.5,6M
add\Smudge cell\Smudge cell_805.jpeg,Smudge cell,16.2,6M
add\Smudge cell\Smudge cell_806.jpeg,Smudge cell,17.6,6M
add\Smudge cell\Smudge cell_807.jpeg,Smudge cell,18.5,6M
add\Smudge cell\Smudge cell_808.jpeg,Smudge cell,12.9,6M
add\Smudge cell\Smudge cell_809.jpeg,Smudge cell,7.2,6M
add\Smudge cell\Smudge cell_810.jpeg,Smudge cell,10.9,6M
add\Smudge cell\Smudge cell_811.jpeg,Smudge cell,14.7,6M
add\Smudge cell\Smudge cell_812.jpeg,Smudge cell,10.2,6M
add\Smudge cell\Smudge cell_813.jpeg,Smudge cell,11,6M
add\Smudge cell\Smudge cell_814.jpeg,Smudge cell,13.6,6M
add\Smudge cell\Smudge cell_815.jpeg,Smudge cell,14.5,6M
add\Smudge cell\Smudge cell_816.jpeg,Smudge cell,14.5,6M
add\Smudge cell\Smudge cell_817.jpeg,Smudge cell,13.1,6M
add\Smudge cell\Smudge cell_818.jpeg,Smudge cell,12.3,6M
add\Smudge cell\Smudge cell_819.jpeg,Smudge cell,10.2,6M
add\Smudge cell\Smudge cell_820.jpeg,Smudge cell,8.6,6M
add\Smudge cell\Smudge cell_821.jpeg,Smudge cell,14.8,6M
add\Smudge cell\Smudge cell_822.jpeg,Smudge cell,7.5,6M
add\Smudge cell\Smudge cell_823.jpeg,Smudge cell,11.9,6M
add\Smudge cell\Smudge cell_824.jpeg,Smudge cell,18,6M
add\Smudge cell\Smudge cell_825.jpeg,Smudge cell,17.2,6M
add\Smudge cell\Smudge cell_826.jpeg,Smudge cell,16.5,6M
add\Smudge cell\Smudge cell_827.jpeg,Smudge cell,13.9,6M
add\Smudge cell\Smudge cell_828.jpeg,Smudge cell,18.7,6M
add\Smudge cell\Smudge cell_829.jpeg,Smudge cell,12.8,6M
add\Smudge cell\Smudge cell_830.jpeg,Smudge cell,15.6,6M
add\Smudge cell\Smudge cell_831.jpeg,Smudge cell,14.7,6M
add\Smudge cell\Smudge cell_832.jpeg,Smudge cell,15.3,6M
add\Smudge cell\Smudge cell_833.jpeg,Smudge cell,11.8,6M
add\Smudge cell\Smudge cell_834.jpeg,Smudge cell,16.4,6M
add\Smudge cell\Smudge cell_835.jpeg,Smudge cell,18.7,6M
add\Smudge cell\Smudge cell_836.jpeg,Smudge cell,14.1,6M
add\Smudge cell\Smudge cell_837.jpeg,Smudge cell,10.2,6M
add\Smudge cell\Smudge cell_838.jpeg,Smudge cell,14,6M
add\Smudge cell\Smudge cell_839.jpeg,Smudge cell,11,6M
add\Smudge cell\Smudge cell_840.jpeg,Smudge cell,14.3,6M
add\Smudge cell\Smudge cell_841.jpeg,Smudge cell,14.6,6M
add\Smudge cell\Smudge cell_842.jpeg,Smudge cell,12,6M
add\Smudge cell\Smudge cell_843.jpeg,Smudge cell,9.1,6M
add\Smudge cell\Smudge cell_844.jpeg,Smudge cell,15.7,6M
add\Smudge cell\Smudge cell_845.jpeg,Smudge cell,8.5,6M
add\Smudge cell\Smudge cell_846.jpeg,Smudge cell,6.9,6M
add\Smudge cell\Smudge cell_847.jpeg,Smudge cell,5,6M
add\Smudge cell\Smudge cell_848.jpeg,Smudge cell,9,6M
add\Smudge cell\Smudge cell_849.jpeg,Smudge cell,8.9,6M
add\Smudge cell\Smudge cell_850.jpeg,Smudge cell,9.2,6M
add\Smudge cell\Smudge cell_851.jpeg,Smudge cell,10.1,6M
add\Smudge cell\Smudge cell_852.jpeg,Smudge cell,9.5,6M
add\Smudge cell\Smudge cell_853.jpeg,Smudge cell,11.9,6M
add\Smudge cell\Smudge cell_854.jpeg,Smudge cell,8.1,6M
add\Smudge cell\Smudge cell_855.jpeg,Smudge cell,12.3,6M
add\Smudge cell\Smudge cell_856.jpeg,Smudge cell,11.6,6M
add\Smudge cell\Smudge cell_857.jpeg,Smudge cell,15.5,6M
add\Smudge cell\Smudge cell_858.jpeg,Smudge cell,8.7,6M
add\Smudge cell\Smudge cell_859.jpeg,Smudge cell,9.7,6M
add\Smudge cell\Smudge cell_860.jpeg,Smudge cell,7.3,6M
add\Smudge cell\Smudge cell_861.jpeg,Smudge cell,6.9,6M
add\Smudge cell\Smudge cell_862.jpeg,Smudge cell,12.5,6M
add\Smudge cell\Smudge cell_863.jpeg,Smudge cell,13,6M
add\Smudge cell\Smudge cell_864.jpeg,Smudge cell,11.1,6M
add\Smudge cell\Smudge cell_865.jpeg,Smudge cell,12.3,6M
add\Smudge cell\Smudge cell_866.jpeg,Smudge cell,9.1,6M
add\Smudge cell\Smudge cell_867.jpeg,Smudge cell,7.5,6M
add\Smudge cell\Smudge cell_868.jpeg,Smudge cell,10,6M
add\Smudge cell\Smudge cell_869.jpeg,Smudge cell,5.3,6M
add\Smudge cell\Smudge cell_870.jpeg,Smudge cell,9.8,6M
add\Smudge cell\Smudge cell_871.jpeg,Smudge cell,10.5,6M
add\Smudge cell\Smudge cell_872.jpeg,Smudge cell,17.5,6M
add\Smudge cell\Smudge cell_873.jpeg,Smudge cell,15.1,6M
add\Smudge cell\Smudge cell_874.jpeg,Smudge cell,9.5,6M
add\Smudge cell\Smudge cell_875.jpeg,Smudge cell,21,6M
add\Smudge cell\Smudge cell_876.jpeg,Smudge cell,14.2,6M
add\Smudge cell\Smudge cell_877.jpeg,Smudge cell,20.8,6M
add\Smudge cell\Smudge cell_878.jpeg,Smudge cell,12.9,6M
add\Smudge cell\Smudge cell_879.jpeg,Smudge cell,9.5,6M
add\Smudge cell\Smudge cell_880.jpeg,Smudge cell,13.2,6M
add\Smudge cell\Smudge cell_881.jpeg,Smudge cell,11.9,6M
add\Smudge cell\Smudge cell_882.jpeg,Smudge cell,8.3,6M
add\Smudge cell\Smudge cell_883.jpeg,Smudge cell,9.6,6M
add\Smudge cell\Smudge cell_884.jpeg,Smudge cell,13.3,6M
add\Smudge cell\Smudge cell_885.jpeg,Smudge cell,17.9,6M
add\Smudge cell\Smudge cell_886.jpeg,Smudge cell,13.2,6M
add\Smudge cell\Smudge cell_887.jpeg,Smudge cell,7.3,6M
add\Smudge cell\Smudge cell_888.jpeg,Smudge cell,16.8,6M
add\Smudge cell\Smudge cell_889.jpeg,Smudge cell,12.6,6M
add\Smudge cell\Smudge cell_890.jpeg,Smudge cell,6.3,6M
add\Smudge cell\Smudge cell_891.jpeg,Smudge cell,11.3,6M
add\Smudge cell\Smudge cell_892.jpeg,Smudge cell,16.1,6M
add\Smudge cell\Smudge cell_893.jpeg,Smudge cell,4.9,6M
add\Smudge cell\Smudge cell_894.jpeg,Smudge cell,10.5,6M
add\Smudge cell\Smudge cell_895.jpeg,Smudge cell,10.5,6M
add\Smudge cell\Smudge cell_896.jpeg,Smudge cell,10.1,6M
add\Smudge cell\Smudge cell_897.jpeg,Smudge cell,11.1,6M
add\Smudge cell\Smudge cell_898.jpeg,Smudge cell,11.7,6M
add\Smudge cell\Smudge cell_899.jpeg,Smudge cell,17.8,6M
add\Smudge cell\Smudge cell_900.jpeg,Smudge cell,14.7,6M
add\Smudge cell\Smudge cell_901.jpeg,Smudge cell,13.8,6M
add\Smudge cell\Smudge cell_902.jpeg,Smudge cell,10.4,6M
add\Smudge cell\Smudge cell_903.jpeg,Smudge cell,11.3,6M
add\Smudge cell\Smudge cell_904.jpeg,Smudge cell,17.5,6M
add\Smudge cell\Smudge cell_905.jpeg,Smudge cell,13.7,6M
add\Smudge cell\Smudge cell_906.jpeg,Smudge cell,17.6,6M
add\Smudge cell\Smudge cell_907.jpeg,Smudge cell,16.7,6M
add\Smudge cell\Smudge cell_908.jpeg,Smudge cell,9.1,6M
add\Smudge cell\Smudge cell_909.jpeg,Smudge cell,10.5,6M
add\Smudge cell\Smudge cell_910.jpeg,Smudge cell,11,6M
add\Smudge cell\Smudge cell_911.jpeg,Smudge cell,8.9,6M
